id,user_id,cart_id,base_price,total_price,payment_card_id,shipping_address_id,billing_address_id
1,166,801,$4807.73,$6920.79,686,536,33
2,355,919,$3545.48,$6055.00,617,593,461
3,189,620,$1321.92,$6617.77,556,970,642
4,175,273,$4936.16,$3735.67,810,247,370
5,208,210,$3172.64,$2957.01,843,731,534
6,709,940,$374.97,$4619.59,45,337,96
7,283,10,$2525.47,$3978.56,756,482,591
8,947,343,$1782.41,$989.31,594,181,239
9,575,130,$3413.36,$6143.80,96,405,307
10,705,438,$4774.20,$2362.75,157,598,855
11,717,9,$3263.87,$7355.53,144,421,845
12,532,215,$2335.79,$4601.81,989,95,830
13,282,711,$1306.27,$2595.62,822,715,14
14,538,570,$2632.29,$2128.18,254,832,219
15,621,624,$202.29,$2493.19,937,455,328
16,652,206,$2248.02,$846.39,515,265,548
17,695,628,$3493.74,$5509.65,528,22,167
18,855,996,$4813.52,$6757.98,72,584,181
19,115,933,$72.54,$6001.98,918,548,702
20,514,472,$3558.33,$5210.38,888,446,801
21,873,997,$773.46,$158.37,557,735,344
22,338,259,$4706.82,$190.45,646,319,632
23,767,85,$2796.88,$3658.23,539,765,771
24,63,112,$425.38,$1114.50,358,308,813
25,450,477,$4106.82,$6694.49,153,178,706
26,339,272,$3863.03,$3444.65,988,549,799
27,113,14,$2973.21,$4514.83,480,528,823
28,169,893,$341.16,$6454.89,361,321,446
29,252,395,$3455.49,$1722.84,724,326,58
30,592,265,$306.42,$2451.95,826,962,238
31,299,162,$4781.28,$3062.64,929,16,896
32,153,558,$4664.28,$3129.45,752,318,345
33,861,797,$1150.44,$2758.26,149,588,934
34,795,397,$3004.93,$6287.38,870,712,651
35,553,531,$53.45,$696.22,718,302,910
36,206,441,$2173.85,$7731.69,321,90,591
37,262,373,$1544.95,$647.35,373,293,250
38,295,810,$4739.71,$5538.08,261,761,298
39,934,977,$1725.44,$7448.44,394,314,645
40,250,914,$2043.19,$2525.94,806,233,585
41,53,316,$4728.07,$6640.20,539,260,282
42,398,816,$2411.09,$3123.29,20,225,167
43,403,102,$663.62,$74.40,171,161,360
44,736,755,$4772.09,$689.11,925,786,845
45,392,19,$4954.93,$7041.17,886,984,102
46,223,311,$4544.45,$6609.17,15,485,203
47,483,51,$3710.66,$2097.96,819,391,980
48,393,330,$854.31,$3824.77,12,814,525
49,501,403,$4424.84,$3969.72,756,411,523
50,705,634,$1042.51,$4587.31,856,27,202
51,382,194,$1750.18,$6974.31,142,540,463
52,205,740,$790.33,$595.40,716,634,891
53,771,904,$2151.09,$6542.59,401,246,481
54,856,812,$4654.94,$2477.65,355,389,367
55,410,759,$4347.86,$3145.76,65,146,570
56,259,974,$2022.09,$614.73,31,546,932
57,995,6,$4071.99,$3118.95,528,836,869
58,499,769,$2216.72,$6277.48,167,455,204
59,706,993,$403.65,$4301.43,555,765,964
60,758,300,$51.54,$5394.45,778,78,986
61,828,924,$43.89,$2525.59,237,164,618
62,535,473,$1456.33,$3278.30,538,847,758
63,987,208,$635.72,$402.61,792,30,6
64,449,123,$1381.64,$7319.31,318,743,283
65,623,455,$1567.54,$7814.01,313,403,247
66,78,355,$3638.72,$2246.81,528,338,239
67,271,830,$857.03,$3544.45,179,264,778
68,876,404,$4167.39,$7316.14,182,271,115
69,866,734,$1358.77,$1384.41,271,150,512
70,206,722,$1179.99,$6993.89,465,934,9
71,455,769,$845.02,$6984.18,676,250,374
72,72,71,$2826.14,$1479.04,603,706,879
73,931,478,$3083.82,$7748.15,533,212,49
74,836,677,$2852.03,$5110.89,744,239,14
75,766,145,$2464.74,$7202.31,500,142,131
76,667,433,$1361.43,$2453.32,507,607,820
77,49,122,$4485.59,$4170.24,590,368,335
78,286,884,$186.16,$6252.27,740,816,475
79,152,358,$1192.52,$6532.05,146,326,526
80,694,182,$1770.12,$5057.41,249,343,729
81,643,153,$4073.61,$3082.32,736,624,659
82,911,903,$4726.42,$3536.37,153,606,636
83,631,892,$1480.22,$5886.97,755,551,48
84,522,942,$1765.21,$1305.53,891,23,178
85,991,193,$1231.09,$5778.19,101,754,470
86,208,343,$959.96,$6434.61,621,996,660
87,431,486,$3525.56,$6100.41,580,449,357
88,572,912,$3228.87,$7372.34,273,812,716
89,580,376,$815.55,$2628.10,481,37,278
90,328,988,$3902.25,$6668.19,958,744,267
91,440,658,$4292.37,$5909.70,268,440,379
92,412,663,$1295.52,$6937.81,940,118,717
93,709,196,$82.71,$3325.20,776,701,956
94,516,991,$3040.51,$4587.73,641,979,601
95,446,56,$95.72,$7029.48,940,173,562
96,543,53,$1151.55,$4241.92,834,275,867
97,60,796,$1208.68,$6031.78,579,751,437
98,154,936,$251.12,$6366.41,727,95,523
99,578,131,$2708.20,$6275.40,22,577,6
100,454,329,$3218.69,$117.26,567,449,966
101,797,566,$4988.20,$5574.39,101,358,264
102,903,701,$1360.21,$1585.42,237,760,771
103,595,352,$1633.67,$4324.44,174,477,841
104,40,731,$3333.51,$3390.06,626,682,13
105,450,478,$3131.76,$4095.42,705,311,159
106,288,588,$2093.87,$718.11,489,518,824
107,865,945,$945.57,$4312.69,754,689,831
108,281,591,$1380.01,$1643.22,313,164,750
109,793,317,$2364.55,$869.29,954,11,765
110,783,108,$2460.53,$5499.48,287,804,998
111,789,693,$873.18,$2481.72,744,511,875
112,796,526,$605.25,$3683.22,463,395,973
113,907,874,$3108.05,$1806.52,20,601,878
114,565,167,$3120.38,$4209.89,982,453,500
115,558,535,$1956.29,$4647.75,421,525,582
116,731,469,$1937.90,$1107.23,546,40,668
117,978,872,$4425.71,$2568.30,117,312,381
118,561,248,$4700.57,$3049.88,839,714,188
119,841,679,$632.46,$2465.31,308,996,675
120,890,839,$671.69,$5242.91,238,394,17
121,891,269,$4455.95,$588.30,677,736,851
122,653,980,$1722.08,$4407.41,724,785,145
123,661,654,$3522.88,$585.46,817,288,925
124,391,443,$337.97,$3140.62,350,5,68
125,607,648,$1007.95,$5417.79,14,994,59
126,614,828,$1577.77,$1435.61,51,47,847
127,623,912,$3171.78,$3000.41,712,810,88
128,485,179,$502.02,$2672.01,350,103,300
129,589,592,$1188.53,$5322.92,58,311,658
130,915,162,$2866.14,$1110.84,388,998,784
131,564,239,$2694.54,$754.54,299,972,891
132,424,385,$4628.39,$6261.20,949,522,475
133,35,642,$4545.02,$1547.12,705,716,373
134,95,512,$741.78,$5961.26,901,211,815
135,312,972,$4091.90,$2377.50,824,711,105
136,919,845,$4099.21,$5371.61,518,68,780
137,12,970,$227.66,$2073.31,86,811,368
138,718,590,$54.14,$7238.13,988,829,580
139,990,576,$3614.23,$128.34,983,326,513
140,190,501,$1444.43,$7851.45,873,896,501
141,784,859,$2744.74,$3520.00,304,163,944
142,413,767,$384.36,$174.04,924,877,207
143,891,505,$1635.23,$7666.20,904,369,318
144,94,610,$2265.85,$7919.52,219,815,886
145,427,190,$3608.67,$7908.60,659,757,546
146,817,934,$3648.51,$3733.76,912,598,30
147,889,533,$4755.58,$31.54,917,222,101
148,553,411,$1374.41,$4230.99,290,808,791
149,720,787,$1596.13,$2529.33,306,617,25
150,114,760,$4905.35,$4519.47,436,523,344
151,680,733,$2180.82,$5679.40,42,385,610
152,851,720,$1207.09,$6680.83,485,777,483
153,639,979,$1750.17,$7465.64,961,470,164
154,448,920,$4260.44,$579.67,512,713,634
155,241,877,$910.66,$5939.17,274,516,132
156,809,601,$2003.82,$1209.41,425,278,710
157,939,168,$490.27,$3691.32,102,661,355
158,97,897,$1319.96,$1798.00,929,491,521
159,950,132,$2910.73,$4950.84,862,861,121
160,401,724,$1738.64,$3929.16,724,494,637
161,670,376,$1821.22,$4351.23,606,940,156
162,334,300,$3920.50,$6883.90,578,750,479
163,150,643,$501.28,$931.71,195,237,509
164,537,867,$1230.78,$6066.53,552,2,369
165,328,510,$3356.30,$4558.46,894,152,866
166,850,577,$3205.67,$7824.35,337,933,401
167,610,990,$4320.50,$6661.85,60,313,66
168,81,513,$2087.43,$1585.13,46,405,449
169,913,162,$4648.01,$4149.94,925,971,489
170,455,991,$4306.18,$6414.27,32,54,99
171,576,249,$4014.86,$4949.29,323,760,595
172,30,158,$609.44,$3738.37,858,697,154
173,302,226,$4906.25,$352.06,401,136,826
174,900,985,$1258.52,$590.84,400,705,137
175,499,827,$4154.82,$3351.62,222,117,86
176,143,24,$4716.07,$5633.15,281,851,65
177,281,870,$1029.21,$4102.24,798,317,689
178,920,142,$4431.66,$7523.92,403,552,885
179,660,107,$4908.54,$352.17,614,383,733
180,193,762,$1484.65,$7582.89,267,944,754
181,360,980,$3831.24,$3411.23,480,908,608
182,918,744,$2104.60,$3133.84,244,768,999
183,631,997,$482.16,$2164.85,593,850,170
184,151,943,$792.28,$948.79,497,699,209
185,932,751,$3282.21,$4255.86,120,173,482
186,251,820,$1825.21,$2897.28,700,960,92
187,235,377,$3615.09,$4462.94,721,477,374
188,349,503,$3863.97,$2319.96,404,942,910
189,29,972,$4518.48,$5756.77,575,243,575
190,257,863,$3855.91,$1819.58,449,643,833
191,871,690,$2615.49,$3949.94,194,652,743
192,996,481,$1668.16,$4075.57,236,962,473
193,423,917,$468.67,$82.13,499,799,471
194,23,569,$3137.62,$1819.60,852,444,946
195,264,789,$4229.04,$4844.65,722,455,381
196,329,255,$2180.77,$5699.45,322,295,856
197,191,284,$3402.57,$2213.73,273,884,884
198,885,77,$4241.21,$750.55,574,536,291
199,424,124,$2088.51,$7006.31,107,709,439
200,642,673,$1975.13,$2923.62,173,929,420
201,756,203,$442.06,$4893.35,376,128,117
202,65,301,$155.80,$5277.29,664,514,676
203,586,590,$4604.93,$1095.83,88,407,81
204,496,187,$3804.21,$1726.40,53,320,522
205,455,363,$2517.09,$451.29,98,24,63
206,941,123,$515.26,$2611.59,910,839,189
207,653,963,$4419.68,$3250.09,950,729,516
208,979,109,$3632.19,$3717.22,999,651,954
209,78,393,$1485.90,$3519.59,400,757,317
210,573,135,$1811.72,$5718.03,608,137,332
211,167,237,$4720.76,$5725.13,57,768,955
212,466,421,$3226.95,$6964.44,542,488,789
213,569,342,$2286.43,$971.86,653,300,407
214,724,322,$646.07,$704.67,254,319,198
215,58,93,$7.89,$2443.87,468,581,636
216,396,232,$804.55,$5896.35,954,155,994
217,459,40,$1139.85,$7190.28,64,176,316
218,140,712,$2633.88,$3472.06,265,353,834
219,864,617,$4362.75,$7529.96,512,419,315
220,775,143,$3736.82,$494.68,186,245,267
221,455,438,$2035.14,$221.46,368,640,396
222,556,515,$4389.54,$7974.85,462,332,40
223,660,431,$4227.52,$6377.99,755,927,278
224,272,1000,$2443.96,$2042.36,637,877,389
225,528,123,$826.51,$6774.49,800,777,515
226,608,24,$2676.15,$6707.03,947,768,738
227,688,503,$4489.95,$6603.60,154,420,163
228,934,865,$3876.30,$6461.28,866,829,153
229,830,551,$978.11,$4064.62,909,963,967
230,411,59,$3635.70,$2243.38,691,699,826
231,221,955,$4253.36,$4475.17,107,297,604
232,349,104,$2920.43,$6231.73,33,723,583
233,991,667,$4987.87,$5273.48,746,15,886
234,259,895,$4994.18,$4512.82,563,343,892
235,537,982,$4043.01,$2510.63,954,814,7
236,705,45,$4742.82,$2636.59,984,143,370
237,905,205,$4086.63,$4368.45,239,187,257
238,171,154,$2903.04,$7600.50,230,536,870
239,450,634,$4584.02,$4868.12,121,47,652
240,393,135,$4518.79,$1332.10,159,324,22
241,693,361,$2093.47,$6853.77,198,726,460
242,401,556,$1979.65,$6573.16,23,476,207
243,182,694,$4416.78,$4455.21,901,123,849
244,760,904,$3466.93,$1133.44,702,590,254
245,881,242,$1616.76,$266.83,416,425,52
246,566,366,$3133.52,$4503.53,409,778,806
247,857,234,$1133.54,$6783.85,376,162,340
248,494,397,$3734.29,$444.28,267,959,799
249,900,237,$3763.75,$2417.66,477,734,937
250,764,776,$1033.57,$7264.91,509,446,915
251,965,917,$1085.27,$1861.91,35,957,942
252,393,607,$4379.93,$2326.80,880,878,822
253,774,915,$4548.06,$5934.05,55,571,477
254,44,183,$1401.53,$2160.68,86,824,972
255,576,608,$356.13,$5279.32,256,770,679
256,257,492,$3144.57,$1669.50,233,902,713
257,218,979,$1601.84,$7281.51,739,213,15
258,529,462,$327.85,$2751.81,859,954,768
259,959,200,$4627.17,$5525.69,58,611,368
260,522,644,$2906.02,$5344.69,967,608,874
261,175,174,$4398.28,$3399.44,646,591,35
262,73,312,$3318.29,$7319.23,153,342,667
263,354,198,$3184.26,$4563.99,962,450,400
264,336,921,$3084.02,$4305.23,662,296,796
265,376,283,$2272.26,$3335.43,596,188,682
266,999,98,$1704.13,$2215.32,449,276,584
267,726,496,$1550.43,$1133.92,588,593,89
268,927,309,$4724.82,$3568.95,1000,841,343
269,703,988,$2474.56,$3194.21,16,72,42
270,184,993,$281.75,$7774.27,754,553,893
271,672,468,$264.05,$7386.48,862,646,120
272,307,547,$2728.79,$2373.23,678,302,827
273,131,257,$4161.11,$726.25,426,809,853
274,24,341,$2621.61,$7132.39,388,471,864
275,49,865,$354.73,$3217.74,288,293,135
276,957,769,$3383.24,$2114.04,142,520,562
277,289,801,$581.93,$7534.28,299,216,222
278,714,398,$2550.34,$599.98,344,46,6
279,123,350,$909.53,$1541.10,749,999,718
280,848,620,$445.59,$521.41,338,149,768
281,845,468,$4393.83,$6182.20,228,511,107
282,564,8,$4431.76,$6983.89,476,365,367
283,463,835,$2793.89,$7465.44,449,307,856
284,361,465,$1027.73,$3274.74,513,892,19
285,677,487,$3430.49,$5047.99,51,345,602
286,938,16,$3259.36,$6498.21,237,736,376
287,270,839,$734.76,$1241.32,218,915,922
288,791,861,$553.80,$4845.99,19,80,475
289,778,321,$2901.19,$3162.59,642,506,90
290,803,772,$3344.02,$3441.78,934,957,163
291,478,76,$3050.05,$4724.11,435,256,201
292,757,179,$3317.28,$3039.22,585,235,120
293,734,990,$1570.83,$5059.60,498,499,812
294,934,740,$3510.31,$7406.15,107,31,234
295,26,712,$998.35,$4683.82,596,310,556
296,137,391,$936.38,$3010.71,867,514,611
297,12,91,$2004.55,$318.70,625,657,777
298,43,455,$1291.26,$6374.42,652,698,62
299,851,628,$3824.15,$3419.29,299,630,329
300,693,218,$429.53,$4410.58,318,114,955
301,528,602,$2932.18,$4336.11,170,464,620
302,177,240,$3418.22,$7050.47,469,205,745
303,799,290,$931.13,$6329.76,312,891,649
304,898,378,$111.15,$4646.19,316,79,547
305,775,519,$1957.70,$3240.40,514,90,491
306,310,440,$4550.78,$3351.05,859,547,899
307,1,719,$698.89,$6036.77,980,779,169
308,659,192,$4285.71,$5258.55,750,487,345
309,691,158,$1326.19,$6180.76,706,261,703
310,357,896,$2613.29,$6051.56,669,413,509
311,377,36,$2974.43,$7430.40,538,270,330
312,183,572,$1312.34,$4163.21,358,70,69
313,933,892,$558.61,$1188.92,454,621,660
314,360,247,$3635.57,$1124.10,562,296,445
315,542,929,$2027.50,$1111.62,29,345,295
316,930,745,$248.67,$6515.00,126,199,573
317,432,790,$2631.13,$1850.37,335,944,19
318,348,105,$4529.13,$7216.50,600,120,803
319,462,345,$81.63,$5406.48,977,132,321
320,506,749,$4058.07,$1262.60,26,615,864
321,670,330,$1384.07,$2566.27,814,305,973
322,467,996,$2176.46,$1026.01,496,735,434
323,496,839,$658.07,$1007.52,87,714,379
324,577,315,$1898.50,$6048.34,685,106,768
325,106,672,$391.75,$292.26,539,267,952
326,949,223,$40.89,$3216.17,893,498,135
327,482,465,$301.58,$5794.39,40,930,897
328,937,167,$13.90,$3079.74,897,990,923
329,898,690,$4401.15,$2354.76,107,502,844
330,162,955,$3239.75,$7473.94,410,983,466
331,159,412,$4233.64,$5419.32,736,649,37
332,116,226,$651.37,$3347.37,7,496,568
333,545,861,$2466.07,$2340.23,906,607,632
334,676,811,$4639.93,$877.59,784,923,375
335,398,907,$1491.88,$6162.14,584,526,917
336,955,50,$2821.25,$4229.75,189,107,183
337,367,582,$3021.41,$5095.43,546,786,777
338,916,828,$1170.59,$7376.87,511,273,735
339,325,362,$2641.59,$2427.76,348,774,847
340,365,519,$462.76,$1792.37,981,764,542
341,982,696,$645.86,$4320.91,120,63,260
342,941,61,$1166.20,$6538.27,496,756,617
343,876,818,$4194.49,$3735.36,279,370,148
344,931,747,$887.08,$4934.40,85,783,20
345,314,710,$3997.73,$6162.08,716,767,213
346,97,702,$547.93,$6318.98,748,443,387
347,393,696,$1475.50,$5285.32,389,7,757
348,841,283,$3619.51,$668.42,910,214,451
349,251,70,$2643.10,$5287.21,120,698,173
350,23,19,$3318.26,$3152.92,198,237,661
351,762,975,$59.00,$3881.47,329,968,933
352,358,837,$4289.33,$7039.77,853,120,791
353,732,33,$294.27,$6220.75,953,13,995
354,659,242,$4756.95,$2866.49,436,662,202
355,793,526,$2393.43,$5156.39,255,221,519
356,134,913,$1119.78,$1470.60,14,149,434
357,794,424,$1969.33,$2537.88,160,578,666
358,370,469,$703.02,$1596.93,103,374,220
359,738,875,$296.95,$7388.04,813,360,96
360,440,155,$3993.84,$7115.15,49,734,112
361,709,600,$862.23,$4539.52,387,37,210
362,523,630,$3819.54,$469.92,308,460,809
363,355,667,$313.59,$4134.81,811,23,363
364,740,119,$2410.22,$2689.77,34,123,496
365,890,973,$4340.03,$93.82,324,281,689
366,441,157,$4253.14,$7495.29,994,387,560
367,442,666,$688.83,$4228.50,786,441,456
368,754,270,$45.53,$6844.04,445,200,754
369,70,30,$1368.28,$4902.68,646,438,442
370,950,53,$1393.33,$790.34,288,776,898
371,845,627,$3909.09,$3515.16,860,126,628
372,768,441,$718.11,$1498.81,499,341,657
373,641,499,$1834.77,$4601.34,907,748,358
374,764,731,$1396.18,$6693.00,677,528,820
375,588,837,$3722.40,$6970.08,531,879,345
376,44,507,$2092.56,$4818.59,796,146,311
377,361,46,$107.92,$6627.95,608,832,224
378,288,503,$495.76,$961.41,142,739,875
379,126,666,$4661.72,$2930.59,251,499,99
380,935,49,$4135.30,$975.73,849,509,92
381,618,648,$1671.51,$272.40,815,76,428
382,308,888,$2420.81,$636.95,473,578,33
383,680,963,$3899.56,$2047.31,161,3,850
384,690,553,$739.54,$6684.24,682,808,548
385,712,389,$2957.03,$4896.31,308,463,721
386,592,439,$882.79,$3048.23,823,348,539
387,94,339,$3775.13,$2303.81,349,654,669
388,87,109,$1906.60,$73.15,269,343,586
389,746,964,$3462.60,$3932.09,801,307,246
390,188,263,$3516.14,$4983.50,299,69,261
391,427,51,$3790.92,$1451.99,84,207,189
392,896,15,$1284.69,$6330.62,942,456,315
393,820,788,$2321.08,$725.65,267,746,792
394,810,218,$551.11,$2589.11,219,405,631
395,895,724,$229.31,$2613.04,521,587,500
396,371,465,$4626.64,$1052.28,545,788,16
397,910,959,$2513.88,$3925.75,314,660,132
398,437,250,$2405.90,$6084.35,878,355,928
399,83,61,$103.79,$503.15,128,882,557
400,302,310,$3946.38,$6946.72,538,71,101
401,859,462,$3942.33,$2220.14,488,747,495
402,701,486,$3965.32,$2552.49,805,993,6
403,432,39,$773.58,$5800.74,696,880,37
404,733,280,$3273.67,$2859.27,230,358,158
405,643,76,$2326.25,$5045.46,844,614,533
406,812,97,$1729.53,$7648.53,6,7,254
407,495,592,$2853.43,$6454.43,115,482,321
408,802,325,$4239.32,$466.47,200,853,658
409,358,36,$2683.59,$590.86,66,276,985
410,686,586,$2000.07,$6638.56,720,578,970
411,273,542,$1767.73,$4272.08,707,961,823
412,585,394,$2992.86,$924.56,1000,582,836
413,820,252,$1454.63,$6528.37,55,889,99
414,81,899,$955.16,$7684.19,949,540,422
415,942,927,$829.86,$3345.08,158,151,42
416,92,393,$4064.31,$4838.26,198,529,674
417,654,969,$1764.21,$7711.23,347,803,365
418,161,228,$3852.14,$5046.00,374,306,493
419,971,143,$720.46,$4555.78,432,906,654
420,380,935,$1712.36,$4416.20,517,299,720
421,734,248,$201.97,$1893.05,582,619,215
422,343,992,$2716.57,$3568.22,208,549,791
423,434,191,$2672.03,$2515.52,892,621,428
424,507,862,$751.59,$2630.61,241,562,708
425,99,212,$4843.30,$2167.05,977,760,529
426,420,920,$3732.26,$7792.76,146,909,320
427,783,342,$4301.57,$6038.42,928,391,310
428,95,416,$1569.29,$5650.29,704,100,308
429,841,272,$3596.94,$2477.53,440,477,66
430,998,799,$3647.25,$1395.41,873,400,968
431,907,933,$2981.10,$467.00,86,805,821
432,90,156,$607.14,$3747.19,896,293,366
433,401,621,$426.23,$522.95,231,580,651
434,885,904,$2929.40,$3321.56,312,886,78
435,783,744,$903.87,$4100.29,931,344,302
436,320,221,$4684.28,$646.85,977,750,346
437,981,840,$1582.27,$778.82,781,215,868
438,66,918,$853.70,$5707.50,933,603,645
439,248,543,$2111.16,$4127.35,542,175,13
440,830,807,$289.09,$1368.33,237,570,268
441,315,645,$723.73,$4605.29,599,519,924
442,523,861,$4730.30,$6426.73,296,428,854
443,710,124,$1658.84,$4359.76,366,731,107
444,237,271,$383.39,$428.23,804,754,607
445,736,588,$737.93,$5260.55,634,547,943
446,207,212,$2759.13,$2694.74,326,292,27
447,961,276,$2922.24,$969.09,349,53,955
448,718,81,$2774.93,$79.18,818,330,792
449,742,55,$520.92,$953.84,701,893,657
450,846,974,$1330.58,$835.82,54,166,25
451,951,533,$1224.82,$7821.53,409,765,214
452,999,250,$2365.89,$2362.57,228,264,522
453,314,452,$1194.42,$7670.09,780,629,672
454,198,537,$22.10,$2085.99,850,73,711
455,574,474,$4380.04,$3028.32,852,993,304
456,467,410,$704.10,$4897.04,991,99,543
457,10,545,$133.65,$2987.36,396,433,289
458,945,117,$3287.21,$6981.97,591,153,849
459,168,12,$1042.87,$6528.72,566,20,802
460,226,894,$882.48,$4147.05,841,337,144
461,581,939,$4210.33,$2919.81,891,96,311
462,751,139,$1587.69,$7500.88,832,915,603
463,499,669,$2908.34,$7279.50,894,706,764
464,298,394,$1061.27,$2438.60,270,549,851
465,152,257,$4794.88,$4302.74,757,103,8
466,854,69,$150.82,$4465.30,914,541,879
467,746,891,$3284.63,$2198.60,190,952,978
468,101,80,$281.27,$919.48,305,246,367
469,498,766,$1500.41,$429.39,846,991,481
470,440,979,$3392.32,$3503.58,142,282,222
471,178,642,$3812.32,$3890.06,341,958,548
472,100,27,$387.90,$2910.33,750,596,394
473,313,1,$3951.70,$4157.04,447,113,696
474,696,532,$369.81,$1305.52,667,342,845
475,163,301,$3041.07,$7514.79,62,303,701
476,958,429,$2176.42,$894.79,313,101,372
477,788,898,$2253.95,$1477.53,441,631,130
478,800,540,$1437.67,$2664.56,492,897,161
479,331,957,$4971.38,$4555.62,934,275,871
480,201,428,$1841.44,$55.13,452,890,544
481,688,34,$2065.41,$6505.14,96,447,93
482,466,767,$739.50,$7761.60,455,12,307
483,889,33,$1607.86,$4353.42,932,764,235
484,121,955,$2047.84,$3019.94,223,500,248
485,979,468,$1331.26,$4781.20,403,182,905
486,437,483,$4222.70,$2843.62,22,476,611
487,577,274,$2006.73,$3179.23,809,845,923
488,509,752,$2546.41,$5615.57,743,344,498
489,125,937,$1912.98,$1878.71,302,156,89
490,392,191,$1525.71,$2692.57,225,606,207
491,890,81,$2615.98,$5343.75,968,531,838
492,548,930,$3632.62,$6618.73,865,26,122
493,883,90,$379.02,$3123.93,487,667,396
494,182,589,$2950.81,$5074.71,336,450,670
495,43,475,$3888.03,$7156.20,310,853,960
496,808,5,$4145.41,$5165.97,282,733,914
497,696,453,$4036.68,$3897.39,334,64,508
498,298,159,$1960.23,$5164.90,617,24,760
499,640,319,$4766.09,$4919.18,668,677,406
500,817,249,$1889.91,$6036.06,776,544,888
501,97,216,$761.36,$4419.37,366,569,728
502,42,834,$4815.55,$3845.73,213,627,758
503,843,799,$177.36,$490.92,104,61,925
504,117,206,$2769.29,$7534.30,954,507,305
505,875,217,$703.79,$482.08,374,200,296
506,185,962,$4340.61,$5585.01,834,374,36
507,140,744,$3060.94,$2422.61,440,363,231
508,314,107,$4078.09,$2249.49,277,892,707
509,810,606,$334.17,$6734.65,676,454,567
510,17,278,$203.33,$7477.14,424,38,533
511,375,359,$380.56,$1971.46,160,839,855
512,882,360,$3158.87,$1138.26,360,403,419
513,313,751,$2992.73,$5819.20,140,849,362
514,321,489,$3839.89,$7480.99,905,99,187
515,927,142,$4833.44,$6568.60,289,641,340
516,431,578,$1766.15,$897.22,260,489,627
517,976,363,$2383.92,$672.29,111,77,541
518,671,858,$3043.36,$1177.13,915,776,606
519,64,633,$3452.51,$7542.45,991,510,316
520,457,301,$4969.24,$7393.25,552,28,505
521,482,390,$1363.57,$5046.37,379,980,478
522,261,624,$1678.58,$4797.41,392,607,293
523,989,161,$1952.27,$5959.30,332,239,773
524,145,936,$627.02,$3025.03,877,746,136
525,961,386,$20.42,$4830.68,694,825,966
526,540,832,$1600.78,$6255.12,310,166,503
527,528,83,$2862.18,$840.96,62,598,4
528,285,505,$584.22,$6824.73,802,698,413
529,33,162,$615.05,$3840.94,143,517,991
530,748,689,$918.92,$3899.55,941,654,819
531,140,771,$1628.88,$5068.54,44,590,911
532,26,578,$1233.03,$2309.67,901,357,32
533,610,808,$1785.15,$5335.83,41,327,24
534,62,639,$2614.15,$3085.48,820,645,698
535,120,624,$2443.55,$6284.97,942,669,843
536,479,625,$3689.22,$5869.49,100,928,461
537,469,35,$1566.57,$602.17,413,428,85
538,811,678,$1726.36,$5000.21,10,208,681
539,472,955,$656.86,$773.18,75,293,993
540,864,314,$4538.98,$1652.74,348,905,654
541,505,56,$4616.59,$6486.77,119,944,368
542,124,119,$3912.57,$110.08,661,751,784
543,931,868,$4337.96,$2378.82,675,771,570
544,547,344,$1484.68,$7689.27,712,475,789
545,641,694,$3245.96,$2796.19,592,616,342
546,572,70,$4878.45,$5566.20,140,499,788
547,490,590,$4018.70,$2746.45,486,640,790
548,278,198,$2258.61,$3042.95,794,338,676
549,465,903,$607.68,$5577.02,145,674,460
550,101,817,$168.45,$4846.89,460,615,523
551,820,492,$3714.12,$5956.79,648,658,96
552,878,515,$3668.70,$474.55,86,710,769
553,309,196,$4547.88,$2017.12,707,986,49
554,167,826,$809.91,$3643.81,822,421,425
555,845,736,$510.04,$3703.29,915,476,265
556,154,608,$1178.99,$6916.95,352,760,396
557,90,283,$2687.95,$4151.62,556,542,394
558,900,712,$3700.40,$1631.09,465,419,793
559,376,751,$3718.98,$4581.29,757,374,260
560,67,55,$207.83,$466.25,179,621,476
561,327,638,$442.95,$7109.53,434,109,792
562,307,688,$3155.60,$1655.60,813,892,895
563,817,234,$2759.70,$2890.57,180,844,71
564,155,131,$1574.48,$2508.86,181,132,376
565,206,553,$460.42,$5553.16,506,557,848
566,221,10,$3080.86,$445.57,587,868,363
567,651,435,$1915.73,$5576.18,782,312,915
568,860,310,$1364.26,$7847.13,604,518,489
569,436,558,$4737.32,$7868.23,888,468,672
570,716,392,$4987.90,$125.72,198,784,553
571,178,493,$57.38,$4391.23,895,266,435
572,439,796,$1964.23,$5024.34,376,186,295
573,368,720,$98.74,$6168.47,389,748,564
574,788,620,$2353.15,$7129.61,445,29,481
575,809,19,$1246.74,$3033.25,483,305,922
576,916,121,$3032.36,$7742.56,852,979,70
577,256,12,$4033.57,$7821.38,357,617,351
578,447,164,$2765.60,$4079.85,58,779,670
579,619,78,$665.73,$4413.53,87,824,333
580,94,513,$2026.84,$3810.31,714,72,274
581,34,18,$2735.04,$1185.67,792,71,758
582,588,42,$3760.38,$2988.67,143,140,227
583,85,930,$1041.68,$6637.60,299,442,787
584,324,742,$3723.71,$5095.35,886,471,321
585,912,8,$269.98,$867.12,465,9,970
586,233,694,$1913.54,$592.75,862,449,965
587,122,165,$2501.10,$5779.72,319,343,40
588,429,840,$4770.71,$3240.13,81,712,20
589,608,547,$4463.98,$7513.43,351,777,600
590,968,586,$769.36,$3729.79,525,149,944
591,867,856,$4907.89,$4968.96,639,272,834
592,13,879,$4763.28,$7004.74,174,635,919
593,837,773,$4109.71,$984.94,184,39,999
594,513,21,$3744.03,$3165.01,487,876,360
595,123,28,$1920.23,$4684.70,649,118,826
596,998,922,$1054.52,$1831.77,708,50,31
597,270,232,$4011.96,$2334.88,440,53,111
598,857,683,$1480.40,$7529.67,120,772,456
599,935,738,$3274.16,$2600.88,6,281,10
600,254,417,$4300.79,$446.25,745,126,503
601,317,783,$3529.76,$7768.89,594,882,275
602,408,762,$1343.47,$6675.85,925,787,879
603,648,928,$420.53,$5569.61,225,268,925
604,530,981,$4846.59,$6820.64,878,273,52
605,296,327,$3812.61,$4420.97,61,434,762
606,137,729,$4076.91,$1465.98,71,602,236
607,744,115,$1949.55,$3322.05,265,548,825
608,621,410,$2084.35,$3577.40,411,100,97
609,219,196,$4928.72,$7373.18,371,999,220
610,218,689,$511.58,$5821.53,15,58,904
611,81,914,$3055.20,$1543.68,100,519,110
612,540,166,$3608.54,$3824.76,798,28,24
613,620,20,$1740.87,$7906.26,461,219,328
614,39,757,$4674.70,$2896.69,566,436,407
615,680,396,$4995.67,$2895.40,832,784,877
616,969,113,$3492.33,$6511.01,199,776,530
617,825,359,$878.14,$7522.48,775,781,402
618,109,403,$933.47,$3832.88,424,264,678
619,717,894,$1068.83,$765.21,724,700,643
620,60,748,$1642.41,$1172.09,428,702,155
621,469,329,$1271.02,$1386.08,467,517,260
622,334,229,$3845.99,$1257.23,992,182,895
623,786,340,$2840.48,$4771.08,645,42,384
624,188,150,$441.47,$6043.60,504,729,426
625,962,447,$606.36,$1288.58,382,907,552
626,712,246,$1685.76,$1063.75,882,170,280
627,109,739,$277.10,$3860.96,299,960,592
628,680,253,$1501.80,$1536.59,857,625,136
629,575,663,$284.19,$5808.53,887,979,480
630,791,808,$97.91,$4490.79,753,342,705
631,160,913,$1623.60,$7330.09,983,27,669
632,801,828,$664.86,$7073.20,521,711,983
633,545,348,$2219.47,$6480.57,938,482,373
634,936,363,$3394.97,$5335.39,483,343,30
635,524,410,$1341.63,$1199.30,324,417,509
636,724,300,$3804.50,$6003.29,974,233,520
637,754,125,$869.32,$2561.58,692,967,647
638,216,13,$3337.06,$1131.59,727,939,215
639,229,127,$3011.79,$3291.98,280,340,429
640,122,376,$4107.52,$6576.51,39,892,907
641,641,93,$2622.73,$7953.03,265,313,573
642,136,771,$2040.96,$5790.16,277,632,246
643,22,387,$1701.79,$2109.60,350,75,557
644,803,323,$1432.98,$96.64,982,114,318
645,805,394,$180.83,$1162.21,762,377,844
646,601,240,$3234.43,$944.17,695,208,51
647,309,80,$4103.43,$842.83,64,641,567
648,587,369,$2408.12,$5917.82,448,673,848
649,306,757,$1898.30,$957.97,408,805,743
650,392,258,$1175.71,$4038.99,670,821,985
651,794,990,$1931.22,$7296.53,635,330,372
652,380,325,$1605.96,$7689.82,116,695,472
653,313,534,$2232.29,$3976.03,209,680,190
654,70,271,$1837.19,$709.74,314,733,250
655,551,340,$3642.67,$5300.64,88,623,585
656,854,225,$4272.53,$4709.88,979,381,924
657,21,953,$3790.94,$2108.39,860,369,258
658,663,184,$3590.72,$3821.53,77,441,256
659,668,144,$3890.00,$1199.92,987,909,824
660,6,189,$2956.07,$777.26,974,162,961
661,949,910,$1132.89,$1583.73,983,169,349
662,995,763,$3288.72,$7289.49,451,519,71
663,427,569,$1738.64,$344.11,843,17,218
664,62,665,$3926.41,$2041.90,636,894,597
665,142,586,$2648.22,$7787.57,561,16,811
666,849,839,$1138.08,$4043.54,641,802,645
667,862,221,$1440.99,$3134.24,455,681,5
668,302,298,$1772.50,$3175.12,514,726,422
669,768,784,$4579.89,$5499.26,452,435,136
670,941,97,$4394.05,$4413.67,491,376,171
671,690,49,$800.79,$2379.57,454,334,436
672,740,825,$3323.90,$4234.92,385,742,363
673,329,504,$87.51,$1199.25,647,590,911
674,119,120,$2552.94,$2322.67,291,921,812
675,154,354,$3627.18,$5758.32,236,137,482
676,713,143,$1133.31,$2230.19,422,801,720
677,106,511,$4545.01,$1374.98,151,527,390
678,503,125,$3814.76,$7973.92,907,702,138
679,214,584,$1862.96,$5308.26,891,142,21
680,653,466,$930.68,$3591.47,245,961,695
681,237,447,$1578.21,$1140.03,107,808,964
682,71,694,$995.75,$7596.42,763,275,56
683,192,910,$704.33,$5724.39,754,253,20
684,625,87,$2302.71,$7202.65,773,960,452
685,659,557,$952.54,$4536.27,142,442,27
686,156,902,$3794.86,$339.95,476,402,832
687,563,48,$693.82,$3607.53,42,429,249
688,405,111,$165.63,$2586.94,319,482,737
689,874,309,$2765.53,$1577.04,488,9,371
690,379,18,$4188.74,$1484.15,884,455,759
691,950,961,$4961.68,$2538.90,746,413,248
692,866,825,$1497.93,$2447.75,590,439,486
693,327,973,$3523.49,$2489.35,98,525,734
694,27,130,$641.46,$1028.31,534,197,487
695,758,52,$2829.20,$4784.48,464,32,522
696,178,351,$2697.84,$5070.88,681,941,52
697,195,437,$3681.09,$3435.78,1,63,390
698,891,625,$2459.80,$6674.89,57,121,334
699,127,798,$365.01,$5967.12,636,668,460
700,217,503,$250.57,$2004.27,815,74,387
701,79,296,$434.12,$6800.28,531,372,715
702,633,769,$604.74,$5369.79,114,573,542
703,428,185,$278.91,$6086.85,237,835,163
704,952,736,$3925.39,$7327.22,892,964,8
705,644,207,$4237.40,$2587.59,33,540,847
706,349,405,$1554.44,$2308.72,449,700,585
707,193,392,$2959.25,$6636.60,144,72,254
708,600,802,$2551.54,$3588.82,837,13,436
709,43,965,$2603.99,$3736.75,616,921,628
710,876,888,$2723.64,$5273.21,791,467,823
711,736,560,$1519.17,$5676.33,1000,784,504
712,188,16,$4315.62,$3541.62,894,631,408
713,477,194,$4831.15,$709.84,560,608,291
714,473,468,$2387.10,$733.76,797,686,102
715,764,416,$4521.30,$5589.50,424,40,871
716,57,638,$129.60,$6524.93,457,251,322
717,524,339,$2973.39,$4348.39,785,796,111
718,660,362,$1514.54,$1534.39,461,178,564
719,760,541,$1400.96,$1384.45,892,802,658
720,209,162,$2432.93,$2184.42,626,682,17
721,935,190,$1745.92,$7926.88,32,811,172
722,529,456,$804.82,$6686.45,733,843,742
723,676,930,$2338.19,$1372.83,661,576,610
724,849,315,$1545.55,$1139.66,127,644,250
725,225,869,$2815.97,$2082.55,372,224,640
726,87,668,$3585.38,$3954.22,246,520,58
727,13,169,$653.61,$2843.36,600,524,62
728,268,997,$1555.72,$6265.54,189,912,706
729,101,209,$1291.89,$4536.06,777,249,54
730,688,278,$4153.27,$7493.47,472,263,95
731,556,898,$4910.44,$4299.08,197,36,805
732,969,836,$2432.79,$3349.85,314,225,433
733,445,125,$3622.82,$7292.04,334,92,161
734,793,554,$2826.52,$5927.29,221,933,50
735,716,735,$4731.37,$1117.66,480,256,757
736,39,786,$205.76,$6887.50,548,191,955
737,94,99,$3007.41,$6246.51,95,523,4
738,184,892,$2314.51,$4505.54,953,752,311
739,256,429,$3208.61,$3795.69,665,681,785
740,229,181,$3384.56,$176.19,659,41,251
741,460,193,$1628.48,$6412.98,481,542,796
742,47,789,$1698.93,$5747.15,779,935,411
743,588,25,$4637.42,$5185.94,742,235,297
744,970,206,$1940.28,$4625.29,768,1,184
745,615,988,$2290.46,$4177.57,429,738,252
746,224,576,$602.28,$2833.04,5,588,460
747,897,869,$4573.14,$5949.04,904,965,720
748,486,298,$1567.24,$2381.44,217,974,775
749,89,531,$4157.15,$1617.88,692,189,541
750,37,336,$3166.33,$3993.72,320,272,625
751,741,441,$3829.14,$2726.87,567,514,926
752,975,119,$730.08,$2396.10,304,533,195
753,348,171,$2888.76,$1924.11,214,349,608
754,356,923,$781.78,$5288.46,717,920,660
755,438,365,$4820.38,$7855.11,691,896,467
756,366,364,$2838.42,$1828.30,975,169,16
757,349,739,$902.51,$5807.66,373,921,310
758,324,763,$2955.36,$1544.87,418,567,761
759,274,951,$216.39,$1178.03,464,83,665
760,416,614,$4476.66,$1762.65,78,156,961
761,85,331,$941.98,$6958.76,553,703,309
762,768,76,$3507.32,$7185.07,125,574,428
763,776,324,$4223.88,$4919.09,511,192,357
764,57,37,$358.70,$2131.73,90,347,866
765,112,201,$4477.15,$4832.29,468,471,203
766,734,540,$1296.44,$2541.04,496,742,427
767,724,105,$2595.21,$3928.14,807,794,732
768,963,429,$2252.34,$599.62,339,726,731
769,175,564,$4774.56,$2286.23,811,700,715
770,965,886,$4233.75,$4242.36,146,80,669
771,130,979,$4285.81,$7525.84,14,904,970
772,938,981,$1484.72,$2861.86,754,277,278
773,167,327,$638.96,$5790.88,142,492,729
774,750,644,$2658.02,$5824.24,428,643,302
775,52,355,$1819.60,$208.32,99,211,459
776,563,636,$3165.65,$2446.00,217,186,598
777,443,196,$3436.72,$7458.27,347,916,177
778,513,401,$900.70,$1872.40,784,388,362
779,345,271,$272.98,$22.01,631,609,560
780,542,511,$1338.57,$106.78,959,736,133
781,178,41,$314.79,$7451.25,38,738,488
782,821,747,$4252.54,$1692.63,456,380,475
783,152,480,$1674.24,$3639.55,100,316,707
784,750,468,$2490.18,$1255.36,984,598,683
785,892,514,$2744.25,$5455.78,823,776,54
786,362,648,$1729.76,$1079.26,969,673,182
787,459,387,$3595.75,$6163.56,384,111,212
788,107,694,$12.51,$1118.50,163,468,646
789,123,115,$3735.86,$6459.67,618,527,988
790,262,595,$3238.68,$5524.20,677,511,577
791,301,420,$4550.73,$4542.37,18,153,549
792,6,574,$713.21,$7304.05,150,934,202
793,491,668,$2352.68,$1100.32,481,236,903
794,16,801,$302.47,$3690.99,389,799,438
795,780,46,$1501.55,$6028.87,716,335,117
796,457,415,$1742.97,$3315.76,599,196,751
797,651,416,$2523.60,$2526.19,917,453,451
798,525,193,$1991.63,$1037.18,834,323,864
799,872,879,$3627.06,$7778.80,324,359,337
800,987,43,$3598.24,$1862.30,472,199,45
801,576,909,$2139.84,$6162.42,147,30,932
802,535,843,$3284.57,$3234.65,978,345,947
803,336,877,$2930.33,$727.05,886,792,838
804,177,788,$1848.68,$2940.91,470,80,169
805,806,36,$1939.55,$1122.38,373,710,421
806,618,291,$3047.25,$3192.53,142,32,345
807,85,587,$4848.26,$1284.45,238,916,930
808,46,158,$4421.25,$793.49,148,308,523
809,559,28,$3349.16,$2068.03,265,684,345
810,529,635,$88.86,$732.06,98,629,664
811,749,299,$1165.90,$7088.72,283,546,986
812,88,709,$2369.99,$7394.58,76,815,843
813,612,813,$62.20,$1242.36,805,551,955
814,283,181,$1827.51,$4256.11,655,371,871
815,656,589,$3423.34,$257.01,32,184,912
816,198,178,$4744.34,$1287.93,340,429,479
817,539,431,$4900.84,$7630.66,886,199,937
818,543,123,$3285.00,$5900.84,396,799,13
819,599,172,$2677.24,$2716.90,322,803,804
820,812,249,$4998.71,$1743.87,881,421,171
821,91,456,$1077.27,$431.60,706,210,936
822,23,992,$704.44,$3092.89,911,547,940
823,21,776,$82.20,$2302.37,576,409,9
824,825,83,$1741.12,$2580.96,732,452,17
825,309,27,$3114.44,$3065.27,991,352,503
826,228,514,$4119.63,$1084.43,219,262,592
827,824,842,$4755.12,$1248.84,889,183,131
828,779,11,$2808.15,$5214.84,17,589,4
829,451,693,$1310.53,$2330.04,973,404,376
830,252,62,$2064.58,$1841.00,88,156,94
831,932,105,$4687.54,$3013.80,667,918,478
832,634,140,$3995.01,$3020.99,915,381,129
833,4,367,$3141.29,$4565.86,490,220,99
834,441,435,$1203.42,$6261.69,829,696,653
835,586,699,$2207.93,$2256.34,395,624,708
836,268,919,$1570.59,$4803.19,488,713,223
837,399,478,$1277.43,$3319.74,992,403,609
838,380,129,$2184.53,$5960.64,338,789,13
839,961,616,$3089.22,$5085.30,692,363,156
840,595,141,$620.25,$5542.69,486,324,251
841,528,450,$2558.55,$640.87,700,164,729
842,799,890,$451.97,$3694.84,293,317,216
843,359,914,$2152.65,$7292.27,83,638,485
844,308,851,$628.82,$2585.79,332,277,914
845,715,576,$4338.64,$1264.28,839,110,120
846,849,202,$1299.73,$6189.68,126,129,573
847,381,501,$4091.28,$888.59,510,458,452
848,718,161,$2517.31,$352.87,943,689,897
849,268,825,$1642.42,$4146.58,601,97,597
850,684,482,$2360.31,$5716.39,744,94,841
851,231,874,$3972.61,$6141.30,720,85,868
852,391,460,$45.04,$791.23,466,53,278
853,191,458,$602.50,$7554.78,602,606,89
854,421,304,$2573.51,$4493.75,993,849,139
855,292,473,$2480.63,$488.81,994,62,327
856,600,738,$1012.02,$3835.83,766,546,795
857,970,159,$964.51,$4103.51,294,247,411
858,776,493,$309.58,$4454.05,329,425,992
859,696,652,$1307.23,$1386.45,186,949,697
860,662,427,$3269.89,$4849.00,411,978,779
861,344,258,$2630.16,$4774.91,931,120,655
862,663,195,$1333.69,$6398.41,877,318,739
863,619,266,$3033.51,$3337.16,539,980,233
864,335,991,$1912.94,$7459.96,738,421,8
865,368,986,$3361.71,$4729.11,437,651,344
866,984,44,$4015.48,$1899.55,789,125,403
867,307,754,$1155.82,$2465.67,586,493,579
868,570,698,$4221.31,$74.91,503,333,217
869,593,204,$2128.94,$4148.29,284,837,105
870,343,212,$2783.68,$4173.22,604,484,445
871,527,167,$4544.95,$4225.54,857,10,624
872,853,211,$3512.03,$1750.05,865,404,720
873,618,421,$3784.64,$4304.49,884,714,140
874,488,597,$2290.68,$1893.70,817,949,785
875,361,27,$3969.72,$6068.68,387,634,592
876,981,157,$1284.22,$335.48,718,598,395
877,556,226,$4754.77,$478.25,13,760,268
878,270,333,$4785.75,$1381.72,511,307,558
879,504,281,$3778.87,$4114.79,463,904,385
880,825,626,$4346.85,$770.61,633,389,380
881,930,11,$1009.36,$370.25,825,946,992
882,432,368,$4243.12,$243.62,186,185,603
883,473,325,$4201.90,$6970.64,105,452,860
884,54,925,$1057.96,$2604.83,340,596,162
885,350,350,$1402.55,$7018.90,79,74,485
886,131,592,$4970.82,$7113.30,846,412,138
887,62,670,$1856.30,$7064.55,830,79,453
888,937,124,$2850.11,$6961.86,530,680,296
889,10,22,$2217.21,$7202.73,406,859,759
890,554,234,$4107.00,$7525.92,4,718,615
891,411,641,$1457.89,$3936.47,100,720,742
892,718,280,$3762.68,$607.91,63,304,246
893,417,761,$1665.47,$2657.90,974,981,53
894,206,103,$2113.44,$4219.61,707,293,971
895,358,363,$4334.36,$5634.99,869,975,147
896,676,983,$3625.16,$1214.53,211,330,84
897,38,968,$2158.47,$5994.95,208,861,119
898,743,681,$667.37,$4959.86,524,638,741
899,275,32,$3298.69,$4345.81,654,286,144
900,811,277,$1722.95,$2436.74,130,964,328
901,474,687,$508.24,$5746.67,302,861,93
902,740,795,$820.22,$3316.92,733,823,726
903,42,861,$297.88,$6087.82,677,328,167
904,786,293,$935.74,$4448.36,214,1000,416
905,395,631,$3371.25,$7987.86,945,548,47
906,326,592,$4022.27,$2717.19,669,140,209
907,197,878,$1604.13,$1260.73,776,497,882
908,949,797,$923.11,$1415.26,273,563,684
909,146,733,$2698.50,$7470.36,763,407,201
910,702,446,$981.57,$5399.16,71,764,240
911,36,918,$4570.28,$6435.11,826,779,181
912,342,983,$2013.00,$5152.54,466,266,661
913,491,257,$1856.50,$5836.79,69,989,837
914,854,91,$2804.59,$143.67,751,40,713
915,791,68,$4510.03,$6351.71,253,925,363
916,817,904,$1900.76,$4283.53,131,262,423
917,544,715,$1099.82,$6996.09,452,639,300
918,169,702,$4220.37,$5802.26,92,5,23
919,282,849,$1563.76,$547.97,246,81,445
920,959,364,$4261.86,$5859.27,290,244,345
921,256,148,$3405.23,$3899.54,899,938,391
922,464,751,$1688.06,$1792.72,162,254,987
923,617,558,$3668.63,$3590.21,654,241,998
924,344,174,$1580.39,$4592.11,488,131,385
925,51,520,$2991.91,$5470.29,503,928,117
926,623,478,$352.50,$4417.52,446,400,621
927,218,509,$4219.85,$2705.16,296,669,304
928,20,26,$1824.90,$4580.84,188,686,928
929,384,492,$3009.24,$5933.48,334,486,476
930,870,703,$3046.43,$7750.80,912,691,270
931,729,438,$4004.06,$7427.99,828,192,614
932,174,904,$2840.97,$3836.72,981,538,569
933,549,917,$1783.70,$7836.56,13,751,398
934,476,662,$864.14,$2029.55,166,868,829
935,463,973,$1499.12,$2862.99,627,34,907
936,440,310,$1624.35,$3710.31,499,634,425
937,680,753,$2035.99,$2370.48,40,635,891
938,652,162,$850.54,$4704.90,757,803,263
939,919,856,$162.29,$5249.53,722,76,727
940,574,37,$756.76,$6022.43,390,593,453
941,766,986,$4078.23,$7592.18,775,430,675
942,350,775,$4149.56,$2535.77,167,560,634
943,287,519,$2650.76,$6789.41,795,869,50
944,876,483,$3666.33,$4013.52,714,239,579
945,606,952,$3273.38,$554.11,908,122,225
946,447,479,$377.83,$2761.35,855,161,371
947,707,89,$1243.05,$540.32,874,362,674
948,556,14,$3103.87,$344.45,270,798,998
949,70,264,$996.80,$2296.87,503,997,846
950,380,60,$4875.79,$6719.26,892,865,78
951,632,819,$4392.72,$282.03,975,979,619
952,498,561,$2207.22,$2378.91,588,628,119
953,543,96,$3535.08,$2629.11,790,515,323
954,563,1,$157.84,$7110.01,544,888,820
955,398,326,$2046.13,$5639.92,764,555,953
956,60,201,$2685.41,$5170.72,817,772,121
957,524,836,$3481.88,$2074.72,650,286,31
958,470,768,$4008.34,$3285.00,358,752,317
959,225,572,$101.59,$6593.70,300,255,456
960,662,880,$3564.81,$3002.61,997,432,15
961,424,203,$928.32,$4067.47,640,417,3
962,979,476,$3011.58,$3348.81,352,284,758
963,775,56,$2991.66,$348.26,215,273,284
964,80,959,$2815.73,$3797.82,74,362,97
965,312,150,$540.02,$1225.07,527,360,765
966,656,992,$645.65,$2869.49,865,975,546
967,54,472,$1961.61,$5734.43,524,988,609
968,581,521,$3029.94,$3559.50,382,323,414
969,228,163,$1239.07,$2697.10,273,92,462
970,975,730,$4294.91,$4735.19,145,616,556
971,554,100,$1926.96,$5967.38,288,992,277
972,754,527,$2154.83,$1741.34,903,38,726
973,965,370,$254.79,$57.17,211,767,202
974,858,564,$4386.38,$3061.91,597,969,8
975,475,586,$1076.04,$2038.31,673,562,795
976,571,780,$679.48,$5345.93,604,382,59
977,344,387,$1103.14,$35.46,28,354,940
978,888,563,$2284.52,$3883.53,428,194,47
979,619,278,$515.66,$2390.99,118,835,75
980,596,588,$2526.24,$3083.04,355,464,417
981,106,804,$552.76,$5213.49,763,137,466
982,66,262,$3033.92,$507.71,404,17,919
983,686,751,$706.83,$910.84,854,858,53
984,739,558,$2075.04,$2498.94,985,371,163
985,198,895,$4103.69,$2759.02,511,277,624
986,470,346,$4264.80,$5575.09,662,732,450
987,50,534,$855.34,$99.75,879,866,982
988,553,81,$1191.73,$1329.80,188,730,81
989,268,73,$3166.09,$4.34,585,423,938
990,886,910,$221.77,$4542.62,343,735,231
991,708,977,$1412.89,$5087.46,610,438,657
992,935,750,$939.80,$4749.31,961,400,112
993,645,12,$4009.60,$2074.70,423,98,573
994,694,899,$3346.75,$4383.88,752,728,543
995,471,474,$256.35,$4303.41,157,545,221
996,980,44,$1312.64,$1431.35,185,693,399
997,738,819,$1917.63,$7343.67,656,561,969
998,147,222,$2288.60,$1986.34,655,882,522
999,929,676,$1297.97,$4860.90,868,638,144
1000,986,547,$397.03,$7986.48,643,459,283
