id,user_id,number,security_code,billing_address_id,billing_first_name,billing_last_name,card_type
1,483,50382548648472893,65166,109,Cyb,Winslow,discover
2,187,675964727749393857,55336,852,Chlo,Barrett,discover
3,935,4026574732471160,80284,597,Pepillo,Magill,unionpay
4,50,67598063420217403,35578,816,Rafaela,Shilton,amex
5,379,3572419750965414,96261,510,Theo,Temby,mastercard
6,67,3560082726958576,25612,857,Diana,Troke,amex
7,615,3531376065445278,92737,862,Vinson,Maberley,unionpay
8,892,3542589313156656,51136,814,Ezekiel,MacClancey,amex
9,628,337941887355492,58166,844,Madeleine,Crewes,mastercard
10,781,4026931415345691,66646,33,Morley,D'Aulby,amex
11,42,3552162793750161,90767,195,Cherey,Pulman,discover
12,125,67624452185474697,32065,417,Court,Playden,visa
13,19,4903713706266370023,98590,748,Orsola,Flanne,visa
14,79,3531383009399991,38502,504,Eydie,Bowe,mastercard
15,705,3575499722160481,72439,68,Perri,MacGorrie,visa
16,663,491112924531037999,20658,374,Cly,Gabrieli,unionpay
17,169,6333274641739053,87523,920,Edeline,Christol,amex
18,331,4041592306742007,4324,713,Saba,Dukes,mastercard
19,193,3543679760312917,46770,276,Nanete,Gumby,visa
20,230,6763207496790551327,53525,65,Veda,Cribbott,discover
21,78,30261525472033,72049,265,Karly,Spackman,amex
22,940,3580173781671620,48766,762,Jordan,Bovey,amex
23,752,5010121776925290,29513,714,Harrison,Phelipeaux,discover
24,430,4405045779649829,60704,256,Arni,Hursey,unionpay
25,36,3542140948657393,21545,158,Janet,Yukhnov,mastercard
26,328,6304323030466930606,11563,138,Fifi,Sergeant,amex
27,396,3586956975293894,8596,635,Josee,Rylatt,visa
28,461,6706183429254756,70709,890,Artur,Cardenas,discover
29,213,490520404555775186,76647,937,Goddard,Juanico,mastercard
30,260,67096554741353080,71186,132,Thaxter,Smitten,amex
31,761,50207768783554403,69943,847,Ashien,Matthewson,unionpay
32,566,633350965147974990,20157,4,Ashil,Caberas,mastercard
33,883,374622512815506,29157,986,Sidney,Reeves,visa
34,370,4017958264855,30556,88,Case,Brophy,unionpay
35,482,3588763955188963,94851,95,Wilhelmine,But,visa
36,910,4026454847635894,55741,640,Garold,Pilch,discover
37,826,3570442685612655,62895,524,Lorine,Giorgioni,unionpay
38,255,5107773976499122,91685,535,Gene,Hurst,unionpay
39,221,6771856789827788,86716,379,Rutledge,Rennick,discover
40,822,3569639528424783,16120,949,Brennen,Tippler,amex
41,892,4405524752742579,35147,199,Noak,MacKilroe,unionpay
42,755,201864064135680,91214,419,Nicolette,Tedder,mastercard
43,699,4508888294954489,64427,413,Iolande,Wakley,discover
44,408,5602256439330795,56410,824,Nicholas,Ruppel,mastercard
45,353,6709445795433349,81953,137,Keen,Bartelli,amex
46,589,560224737770312718,68508,711,Denney,Bye,discover
47,13,5100177897004978,62365,262,Joan,Kliner,amex
48,823,3556828805051964,99833,834,Tanhya,Towle,visa
49,52,3564431241648574,61880,559,Raddy,Ronchetti,unionpay
50,968,201603273423150,71090,933,Alvis,Gallimore,unionpay
51,169,3548564043538535,32004,586,Meredithe,Murtagh,amex
52,971,5602257322753630,81337,804,Teodorico,Fishlock,amex
53,102,3583329894443540,77063,976,Elsy,Muzzillo,mastercard
54,527,5038227860296295917,41558,582,Tabbatha,Ofield,amex
55,441,6398056979847331,13150,280,Barn,Martinovic,unionpay
56,858,6377355598020139,1151,895,Enid,Brakewell,mastercard
57,788,3531374893006479,57169,355,Mead,Peat,amex
58,151,4018287405649,77772,423,Francene,Meriott,amex
59,471,5020734479643222,25140,231,Norma,Ivashov,discover
60,501,560224183467280431,20595,918,Dagny,Phettis,amex
61,210,4609323958706,13959,655,Cacilia,Devoy,visa
62,406,4911996257039067315,63269,894,Winny,Yelland,discover
63,461,6395158001534367,20923,151,Kin,Petren,visa
64,815,3561266626184388,35716,149,Adrianna,Charnley,amex
65,344,3574739202939529,39800,983,Rolf,Butland,unionpay
66,969,3567191346579978,51486,158,Vernice,Short,amex
67,274,6763427828507975593,35410,765,Traci,Pavey,unionpay
68,396,30282086925151,78184,28,Rhona,Hartrick,unionpay
69,64,5893623145793523328,8681,42,Garrik,Spadotto,mastercard
70,976,201963713237812,81392,972,Robinia,Moran,amex
71,282,3586820316284287,20083,924,Celka,Harewood,mastercard
72,480,3568208226053848,29354,762,Renault,Linge,mastercard
73,807,3534873289358649,19449,387,Laurette,Brokenshaw,discover
74,716,4026513932224649,11185,466,Rafaelita,Peret,amex
75,369,379838300152796,32813,252,Jenifer,Ladbury,discover
76,806,3543006993993992,38441,248,Jayson,Simm,visa
77,880,50385452525764851,30233,136,Onfroi,Broxton,discover
78,75,3534573397551073,58558,742,Faye,Pressman,visa
79,927,5048379504969693,18398,965,Emmie,Baldam,discover
80,354,3573710900329868,61931,985,Bette-ann,Vink,visa
81,361,3539907283190932,69634,247,Roseline,Mortell,mastercard
82,550,5213212029220723,69762,232,Enrika,Benneton,mastercard
83,531,3580782040859949,40155,115,Suzie,Pond-Jones,visa
84,311,4405841581462835,2051,80,Magdalene,Braund,discover
85,915,6706983244496360463,11744,496,June,Scrivens,unionpay
86,13,3568197850758717,10608,571,Timothee,Element,amex
87,404,3560224436799045,61500,745,Sanson,Playfoot,unionpay
88,996,5602228172678334,75304,500,Cherin,Eidler,amex
89,160,3529523556599865,40253,477,Darill,Spadelli,unionpay
90,894,3545697737150689,73637,994,Miquela,Got,unionpay
91,840,676799437336455577,92025,350,Courtney,Pollastrone,unionpay
92,12,6333435855730225,25869,864,Johnnie,Wrey,mastercard
93,226,5602216835831093,48847,231,Rene,Larmett,mastercard
94,787,3540678439412242,30868,768,Penelopa,Callery,discover
95,898,4175008761476294,96105,191,Herculie,Rubinfajn,mastercard
96,463,3537253692398978,30321,360,Mariette,Lymbourne,discover
97,416,4913732426953887,97168,380,Cordey,Venard,amex
98,294,374288489043900,4563,946,Floris,Greber,discover
99,665,3540464193440855,11376,184,Jard,Enston,amex
100,381,3532184744045355,14433,901,Cherri,Bonnet,discover
101,42,3531468119219740,83386,247,Lavena,Freschi,visa
102,793,3528584802530071,27633,429,Prinz,Chopy,amex
103,626,4558673244580975,21908,959,Luther,Burdis,amex
104,557,201879474503079,99359,404,Gladys,Eastham,amex
105,534,3543949580531586,28057,723,Marylynne,Joyes,discover
106,93,67634237291250372,36786,102,Randy,Edowes,mastercard
107,378,3560275857236578,53282,986,Lorelle,Schreurs,mastercard
108,926,3559064566833278,38926,729,Leslie,Ducarne,mastercard
109,56,3547288242920200,78186,473,Ardine,Kibby,mastercard
110,695,3546316635303832,12397,567,Bevan,Gerhold,discover
111,634,560223773062631326,46879,650,Lyndsie,Lufkin,unionpay
112,514,3548292719956431,82290,884,Georgeanna,Rallin,visa
113,455,5010122180835638,45143,631,Yank,Cantrell,discover
114,941,633110097830534013,10544,783,Roshelle,Worton,mastercard
115,377,4175003646611660,28373,568,Beau,Fend,discover
116,176,3572365364661289,6948,656,Lauryn,McNerlin,amex
117,210,633110873521598420,76519,596,Martha,Bamford,discover
118,984,633110392036077200,90806,808,Lura,Tomaszewski,amex
119,420,675973223314076670,16773,668,Addy,Silcocks,visa
120,625,63045407258968736,5695,306,Cullin,Riches,mastercard
121,668,3582858704467092,22155,816,Alfy,Baterip,mastercard
122,348,6334655728148267355,80990,169,Chucho,Kalaher,amex
123,114,5002355289337169,28704,264,Paige,Fincham,unionpay
124,620,3547741427943926,76739,796,Glynis,Pryn,visa
125,116,5100178131575880,41476,109,Vaughn,Bartels-Ellis,amex
126,207,3544659786410837,58171,325,Della,Strelitz,amex
127,456,5172725551569067,10608,813,Waldon,McCandless,discover
128,190,4913649282614751,65678,775,Rea,Hasnney,visa
129,434,3534516154677755,85803,43,Petey,Knox,mastercard
130,416,5602247982548917,21093,856,Thom,Klimt,visa
131,940,67093829620203777,90848,680,Atalanta,O'Hanlon,unionpay
132,273,5602259649612838,30362,324,Crichton,Dudenie,unionpay
133,724,3582988177477425,94389,536,Emmery,Cawthorn,unionpay
134,62,5641826985611690,25844,873,Blinny,Darleston,unionpay
135,667,6762033097808808,1412,514,Allianora,Blaske,discover
136,713,5602247487153981,16837,461,Niall,Keenleyside,amex
137,905,201864662943832,74962,151,Rosalyn,Harkins,discover
138,728,3547150411853028,38908,749,Fredric,Labbez,amex
139,302,6759031765767327,90961,381,Nannie,Fortun,amex
140,142,5610832779765129,40071,745,Claude,O'Donnell,amex
141,8,3578837803288761,3313,354,Quincy,Stiffell,unionpay
142,649,3576683086570075,78157,382,Shayla,Myles,mastercard
143,163,5610212391390582,61843,481,Tessi,Risby,visa
144,544,3580931260845563,77392,841,Christy,Pott,unionpay
145,642,3580217261599379,63967,967,Kermy,Postle,mastercard
146,564,6334976211322610,88786,253,Filip,Choke,visa
147,340,374622798467733,37712,272,Daloris,Muzzlewhite,mastercard
148,589,5555667012299487,80459,599,Mata,Stonestreet,amex
149,312,490537913681147137,91763,600,Fayette,Gasgarth,unionpay
150,570,337941765372890,50686,979,Mara,Papen,visa
151,378,3552608971410259,162,440,Rafaello,Beever,visa
152,174,3549499551551282,87354,262,Casandra,Karppi,mastercard
153,500,0604976346802920,62545,439,Merrilee,Jolliffe,unionpay
154,992,3528821751276771,20878,577,Claresta,Kauffman,amex
155,246,3560797290676185,93362,176,Fay,Cradick,mastercard
156,121,3561091347508073,46059,769,Desiri,Jeyes,amex
157,759,3540197046242751,86372,754,Isaac,Farney,unionpay
158,499,5602218730274845849,69141,524,Domenic,Chat,visa
159,456,5020968587976641,78308,978,Garey,Genicke,discover
160,240,5602234855894156,51596,346,Noelani,Tear,mastercard
161,619,3543937341827344,26846,456,De,Boffin,discover
162,216,5379486569776290,29736,900,Bertie,Moyse,unionpay
163,500,201809279668918,24188,780,Odessa,Grigorescu,unionpay
164,21,3570418350403844,32736,269,Britney,Caldroni,visa
165,922,3574042874714191,43872,826,Camella,Frye,discover
166,152,3540391383461070,21368,454,Dorise,Mochan,mastercard
167,730,5301882655110639,1523,396,Kelvin,Allbones,mastercard
168,502,201451648690297,4309,429,Sharon,Mcmanaman,amex
169,76,3575607244000163,52907,744,Faydra,Middler,amex
170,274,3589706612542857,14968,494,Marion,Brave,visa
171,739,4041375964643281,59581,172,Shay,Twentyman,amex
172,547,5408225648056695,39443,493,Care,Warlawe,unionpay
173,846,5048376639612073,26304,811,Corabel,Steely,mastercard
174,141,3568043844651644,46414,768,Pierson,Warrillow,amex
175,26,4905118354033043,29241,449,Taddeo,Worham,mastercard
176,326,374288823903983,59298,102,Arty,Watton,mastercard
177,57,6761833185427275,77544,836,Adda,Noon,visa
178,436,3564236048073813,52811,254,Adriaens,Wroe,amex
179,116,3538686701413255,28569,275,Hedi,Ivakhin,discover
180,511,3545041288983737,72175,351,Vina,Waldram,unionpay
181,732,3558872800991913,99213,492,Eadmund,Blazewski,amex
182,173,564182589909581271,53942,970,Jehanna,Manuello,visa
183,621,374288310413934,98458,179,Cob,Greenhead,unionpay
184,403,201988284555920,23200,928,Tedra,Linton,visa
185,230,6709089550915999,61647,268,Sabra,Janton,mastercard
186,145,3579212480646443,99663,357,Sydney,Plumridege,unionpay
187,404,6334033580564564184,2745,905,Erhart,Bevans,discover
188,15,30095919782163,92083,682,Kathleen,Davydenko,unionpay
189,120,50182679873091850,19094,119,Kenneth,Camin,amex
190,162,3543055144621846,73945,342,Anni,Siddon,amex
191,183,4844015585881717,9869,273,Pier,Bortol,discover
192,301,5048374689870329,36573,809,Zelma,Paule,discover
193,419,3549254655271299,18794,547,Court,Champney,unionpay
194,569,201840827796695,95124,357,Analise,Poutress,discover
195,405,3551959896019225,85307,700,Hendrika,Takis,visa
196,903,6706748912250146510,40617,875,Pegeen,Fetherby,visa
197,438,6761971177647490,47345,795,Colman,Dyers,mastercard
198,659,4041595411596,98896,911,Staford,Champniss,unionpay
199,554,3542816443052194,2831,847,Klara,Pollendine,discover
200,496,3580220431522214,95488,27,Brier,Brewin,unionpay
201,537,374271912698409,63518,633,Madelyn,Abbado,discover
202,553,3562396465092811,32537,515,Florina,Benardeau,unionpay
203,536,30045056487522,41677,951,Florance,Gravy,amex
204,983,5002354114799941,69193,101,Kaile,Wallicker,visa
205,480,5602235838040023,62206,950,Sioux,Perceval,discover
206,293,3531792372923684,18839,129,Ayn,Water,mastercard
207,796,4844145632565920,40108,125,Zebadiah,Carnow,mastercard
208,115,341321790786246,19955,15,Wenda,Saxton,amex
209,798,201400671245826,78206,563,Mariya,Trevorrow,discover
210,843,3564042069811382,70898,204,Christos,Payn,mastercard
211,150,4936997577494020939,49784,95,Gaylor,Stanbro,discover
212,767,4175007167938790,78497,497,Keefe,Juszczak,mastercard
213,108,3584311655330362,23083,690,Myer,Malyon,visa
214,826,6759932392516302,53594,698,Marianne,Ralestone,visa
215,20,3584686290582901,54616,98,Sloane,Dennis,amex
216,476,30126658224065,1334,502,Carroll,Morrott,discover
217,507,30187904823159,19040,838,Esra,Laurance,unionpay
218,98,4175004714396010,89675,590,Con,Olyff,unionpay
219,491,5020495608595568218,93707,825,Junia,MacSharry,discover
220,925,3535761937773963,22119,633,Charley,Worsell,mastercard
221,96,3583516103397174,71568,167,Wayne,Synnott,discover
222,881,3568956544098982,11025,935,Renie,Carradice,unionpay
223,810,4017959505769,194,755,Lancelot,Whittingham,visa
224,266,67590075900114593,47158,454,Lenora,Holdron,unionpay
225,707,6709080033369698,58162,112,Weidar,Pragnall,amex
226,741,348375544328096,82680,150,Layne,Giannini,mastercard
227,14,201571286062614,87044,232,Sherm,Beauchop,mastercard
228,865,490301935974157642,33277,87,Ardine,Juggings,unionpay
229,483,3560797220641176,86730,319,Jewell,Fletcher,unionpay
230,737,337941410860349,45551,361,Rutter,Hurn,mastercard
231,799,3535181365111380,34249,144,Eugine,Jeeves,visa
232,299,5164231684798392,22608,560,Wilmette,Furmenger,amex
233,298,5477480425023899,61791,471,Lowrance,Gawkes,mastercard
234,263,670679546982112494,88750,198,Lynette,Okroy,discover
235,264,30441963991641,871,72,Arlinda,Samme,discover
236,580,6331106876931835,2015,812,Sonia,Emmens,amex
237,503,5518438643990134,47488,42,Yule,Cleverley,visa
238,673,342760791908565,63417,921,Ave,Somerscales,amex
239,748,349728793883931,46088,477,Millisent,Traill,discover
240,640,3564803036125978,39830,674,Sibylla,Carwithen,mastercard
241,827,372301303139978,46467,66,Teodoro,Folbig,visa
242,508,4917881727623065,38351,857,Dominik,MacLoughlin,mastercard
243,524,4936955350155023174,1762,728,Tab,Gillice,unionpay
244,238,4017957897382,17063,9,Inigo,Macourek,discover
245,189,5558752603912958,37556,585,Baldwin,Hitzschke,visa
246,956,5100134435467597,77029,717,Shalna,Rebichon,unionpay
247,134,5375961645322198,80537,977,Shani,Pardy,mastercard
248,611,3557385152806739,73519,8,Robena,Tolwood,amex
249,76,3566614087572788,10038,568,Constance,Godilington,discover
250,43,5893401861507517038,42315,784,Sharia,Scottrell,amex
251,648,3538404106007007,9493,771,Chance,Walbrook,discover
252,483,30550877835908,91666,20,Neile,Castillou,mastercard
253,717,3548133508170646,61031,811,Adrianne,Cahey,mastercard
254,1000,4911033459956690062,31651,705,Caitlin,Fiddy,mastercard
255,259,3588718537583552,96739,296,Valera,Lucien,visa
256,797,560222279035386528,59808,32,Orton,Fyldes,mastercard
257,612,3562545404778472,27747,223,Silvie,Cardoo,unionpay
258,888,6377600962030499,24120,571,Nollie,Scanlan,discover
259,173,4508996846698726,72517,590,Kitti,Bruyntjes,visa
260,416,3534094404225320,62238,820,Alli,Hecks,unionpay
261,383,4405418565170914,16463,372,Talya,Plaxton,discover
262,929,201474183984172,38444,401,Gordan,Longhurst,unionpay
263,330,30264139642371,80233,831,Salmon,Juszczyk,amex
264,531,377657410835112,54850,747,Verney,Warhurst,discover
265,756,30339779459490,26580,420,Willa,Storah,mastercard
266,33,5509981584696518,14390,518,Bernette,Jeste,unionpay
267,530,503899299520767109,46317,955,Creight,Lycett,mastercard
268,874,6706286209740317431,37353,494,Oswald,Stubley,visa
269,273,3575176826888908,34124,752,Sharline,Robjohns,unionpay
270,99,6392601634141301,89356,594,Glyn,Seavers,mastercard
271,595,3587383098988020,22998,528,Ignazio,Blackeby,unionpay
272,113,4551927146808133,48457,349,Bart,MacCostye,visa
273,47,3553966065798081,86849,695,Ennis,Taynton,mastercard
274,114,6331105564999476031,78633,633,Concettina,McGinley,discover
275,214,3588546709947184,8074,810,Zachariah,Gritskov,visa
276,172,4913142805180997,29679,160,Inna,Workman,visa
277,755,6371173776351796,89170,668,Traver,Dranfield,visa
278,786,3541301915685368,14571,37,Nadine,Bastin,mastercard
279,170,372301682941127,26451,271,Edyth,De Mattei,discover
280,925,3574175005778477,43638,199,Guendolen,Sproat,mastercard
281,384,56022307440124704,21468,181,Glennis,Ginni,mastercard
282,10,4017953933686597,22182,197,Jacquie,Seebright,amex
283,777,502007908444171690,88839,69,Kordula,Justham,visa
284,268,3558385994996002,68095,233,Danell,Benbow,mastercard
285,905,5108754595157803,82700,262,Iggy,Whimp,discover
286,906,3588787354197572,57600,8,Xaviera,Casaroli,discover
287,863,30320828009460,84647,15,Codie,Feeham,amex
288,547,3576378191610094,88245,351,Orran,Jolin,amex
289,278,4026347894721890,5341,322,Shay,Bondesen,unionpay
290,358,3578866351142104,3943,311,Clair,Pereira,visa
291,875,374283806421335,89959,929,Shelley,Mathivet,amex
292,223,4905927655075603685,89522,339,Arther,Huskinson,discover
293,390,3584077316474051,89189,819,Alicea,Kearney,visa
294,59,3530158738998151,6420,920,Eliot,Junkison,mastercard
295,407,374283884164286,60701,39,Debbie,Bridewell,amex
296,276,3547853494571306,30311,61,Oralia,Painswick,discover
297,175,3544226857997868,70989,411,Liuka,Fittall,mastercard
298,433,5602256670554467,40139,491,Dorey,Clowser,unionpay
299,758,201957203610918,66574,708,Frieda,Tesyro,discover
300,498,201655913039168,97980,17,Zondra,McGinn,mastercard
301,616,50180553971283358,16570,834,Paxton,D'eye,mastercard
302,225,3575099604877218,26923,842,Morton,Hast,mastercard
303,901,4405800742702505,62517,673,Cirilo,Eynaud,discover
304,408,4508528442631403,61286,838,Blondell,Vernazza,mastercard
305,383,6759046929886001305,78687,672,Loren,Roundtree,amex
306,833,3549943824390739,23009,302,Wildon,Kersley,visa
307,33,5100136193356045,93248,380,Angela,Dinnage,visa
308,859,5007669155369592,54359,187,Veriee,Strover,mastercard
309,956,3558293497535386,63101,836,Katusha,Graffham,discover
310,994,4017950480293,58255,151,Taite,Djorevic,discover
311,827,3528228396460309,62240,51,Frazier,Crossfeld,mastercard
312,72,3549668270332980,23819,214,Cirilo,Giral,amex
313,25,5602251591593074,27731,266,Doria,Chillingsworth,visa
314,299,4295109033722,6023,287,Fred,Dudman,unionpay
315,86,5018947847237642,83243,283,Rab,MacLise,amex
316,19,201498233487431,258,39,Westbrook,Gilkison,unionpay
317,554,3578448000479268,10577,468,Roarke,de Mullett,mastercard
318,267,201931252290872,99177,837,Kory,Martinec,discover
319,671,3541257943752747,28643,744,Hayward,Pinwell,amex
320,766,4041599851706,56709,127,Farrell,Compston,visa
321,629,3531970600754622,99486,677,Trula,Gullis,unionpay
322,61,3537945097468955,19641,797,Arly,Shire,discover
323,647,3567247880303959,23611,674,Ludwig,Moehler,visa
324,755,3568033960713856,66296,95,Elonore,Parton,visa
325,59,3576292015396345,64601,907,Johnnie,Haitlie,visa
326,978,4405439165694988,5849,46,Urbano,Colthurst,mastercard
327,356,5602218880322812,80857,178,Adrian,Danhel,visa
328,981,5610703126580380,26030,319,Harv,Lakeland,visa
329,741,6393583290145199,18098,92,Rosetta,Loker,mastercard
330,202,337941165802611,7773,706,Casi,Fulleylove,discover
331,615,3560153089868320,84906,8,Ryon,Reiners,discover
332,495,3528017041876583,81973,442,Connor,Niece,amex
333,814,677147772270018826,65443,807,Craig,Fost,visa
334,797,5100130733554995,10419,367,Ingeberg,Surmon,visa
335,227,4041592475362,69931,624,Albina,Greeno,discover
336,94,3538728389131542,28339,990,Rip,Doe,unionpay
337,167,30066833790004,93966,449,Wylie,Tolliday,mastercard
338,286,372301200913194,38899,67,Poppy,Studders,unionpay
339,112,3569608976308095,93138,890,Emyle,Dumelow,visa
340,365,3536897791015536,41103,73,Analiese,Maxwaile,unionpay
341,944,3579400322882348,34273,15,Delinda,Crips,visa
342,205,5641821054602603847,83000,398,Katina,Denidge,amex
343,737,3578930396208690,50883,71,Ibby,Jerromes,amex
344,123,3546678888232178,5035,491,Harwell,McCrea,visa
345,167,3554800731170442,11831,100,Talbert,Gooble,amex
346,494,3546542618037747,4847,202,Roch,Lockie,mastercard
347,185,5048370826888018,38862,942,Dasie,Prichet,visa
348,493,3577286469147351,82170,715,Morgen,Huttley,amex
349,257,3569725634995152,26436,263,Hodge,Wort,amex
350,807,378848707562308,65670,43,Corine,Mayor,unionpay
351,46,201878468142803,57311,869,Livvy,Demangeon,amex
352,398,201652273979216,64154,193,Rachael,Tromans,amex
353,553,3531432008616234,54757,463,Leodora,Dufall,discover
354,104,30095061639807,22410,722,Guillermo,Sitwell,visa
355,392,3556451231338614,9477,938,Salaidh,Nelane,discover
356,799,30327583617585,95711,325,Miquela,Hedworth,amex
357,203,3542970752969421,97042,654,Raye,Whitlaw,amex
358,297,3575282706830059,53626,556,Timofei,Mowett,amex
359,998,5108752863591992,18960,682,Freeland,Lillico,unionpay
360,543,3539237672733856,16575,128,Olag,McPharlain,amex
361,689,5558254950848620,24138,736,Osmond,London,mastercard
362,269,3557147391038700,43918,691,Corina,Dowsett,visa
363,811,4844487300345809,2341,726,Thedric,Thorius,discover
364,617,3588664548410395,9146,754,Bel,Kitman,mastercard
365,338,4905483752165833,14778,521,Heida,O'Rowane,visa
366,320,5610600088747884,15525,414,Tonie,Beaudry,unionpay
367,362,67591138412544589,51585,493,Johnathon,Arnhold,mastercard
368,824,3544627010159009,79226,354,Ricki,Medling,amex
369,632,4936878052724020921,84768,588,Jeane,Allen,mastercard
370,924,4911969097645,62234,784,Orazio,Heskins,discover
371,9,6763208085274853,39651,433,Mano,Thomas,amex
372,444,6767902330801660,95983,900,Henrietta,Bezley,unionpay
373,898,3559802559699051,77248,373,Armstrong,Raybould,discover
374,719,5602255490675031,96661,61,Trip,Bottrell,unionpay
375,637,30120390097467,15856,371,Sandor,Sogg,visa
376,50,3533110571148318,46617,121,Vicky,Pawley,visa
377,946,3558621218386160,5804,402,Desdemona,Batcock,visa
378,19,3570537454717674,70879,306,Conrad,Sugg,mastercard
379,384,3528164591813630,88440,925,Wally,Skaid,amex
380,806,6371891820749596,37868,882,Tommy,Copnall,visa
381,694,5100139868629324,96457,72,Mirabel,Cottom,visa
382,704,3561237667125903,57899,14,Dionis,Yuryev,visa
383,538,3536613510502575,52368,256,Dido,Rooke,amex
384,68,372301956064192,54364,278,Carolee,Robjant,amex
385,453,30403711258269,63886,308,Correna,Garrat,unionpay
386,405,5602218249953158,11829,795,Rachel,Chadwyck,amex
387,782,060476661815933757,94606,991,Powell,Bonevant,discover
388,403,5010125048647608,5887,87,Raleigh,Topes,visa
389,161,3551306938095138,93509,680,Garrot,Garratt,mastercard
390,117,6334421325931022,76764,995,Carolann,Braunter,amex
391,406,3552129978590795,86846,841,Richart,Byllam,discover
392,314,5100175130193327,45857,27,Trista,Gasnoll,amex
393,144,5010127514314416,29183,509,Emmye,Roubeix,visa
394,466,5479766450583106,68163,830,Kenneth,Cocozza,discover
395,779,201644128511948,83710,471,Shaw,Lestor,discover
396,555,3554485119524202,34255,386,Margery,Thursby,discover
397,552,30134232812017,59826,338,Jarrad,Slym,discover
398,101,337941507195245,28477,319,Kerri,Tackes,discover
399,706,201977236911679,40837,634,Liane,Wooding,unionpay
400,758,3576847481217489,13951,678,Lenka,Linebarger,amex
401,514,6761828925996829,17352,369,Piper,Hay,mastercard
402,527,3589998865543761,78172,533,Dulci,Stitcher,mastercard
403,664,3530062450230142,15487,201,Merilyn,Caddens,unionpay
404,290,4017956938270275,13046,562,Ingemar,Rothschild,discover
405,805,4903331452994469,42334,157,Shantee,Dunstall,amex
406,341,6762276303732904,66510,685,Gustavus,Pinke,discover
407,192,3542873366576980,34094,142,Martie,O'Doherty,mastercard
408,67,30327094140481,24958,976,Farris,Helliker,mastercard
409,30,5602223726580429628,69187,501,Kimbra,Masser,visa
410,806,3538743348912684,5102,465,Ashlin,Parkman,amex
411,20,3561485344557564,1110,50,Merrile,Pervoe,amex
412,138,5602233265193696,77771,855,Abbott,Mumbey,unionpay
413,770,4917517639522538,49777,536,Stacee,Jemmett,discover
414,896,6304383733073482468,2862,821,Gerrilee,Bredee,amex
415,189,677168564086710926,97713,668,Darrelle,Barlas,mastercard
416,210,337941312738825,85224,816,Oralle,McBryde,amex
417,376,3581234065207124,998,533,Holt,Gras,mastercard
418,714,5100178808633954,96606,122,Dene,Bourgourd,mastercard
419,642,4041597909522,72893,963,Jo,Bingell,mastercard
420,145,3541500785349241,96455,392,George,Benkin,discover
421,455,6394909648556051,51299,155,Zebadiah,Bevis,unionpay
422,959,5602215258137954,40386,716,Angelo,Witson,unionpay
423,270,67613035217339914,78386,266,Vasily,Harmeston,unionpay
424,294,3541872959080849,74101,870,Damara,Scemp,mastercard
425,293,4905598641599905580,68629,35,Mag,Rickards,visa
426,94,5602252056444522,35237,642,Hadley,McRorie,mastercard
427,622,3577183275199082,41466,818,Letti,de Broke,mastercard
428,960,5018115375731175274,14683,150,Zorana,Ertel,visa
429,234,5010123407132361,24803,884,Percy,Jonsson,amex
430,699,30334588661956,69571,468,Roddie,Bellam,unionpay
431,375,6763067765321518339,80711,472,Naoma,Karchowski,mastercard
432,851,3587662408785188,97768,165,Katleen,Tuting,mastercard
433,794,3542301468024741,40551,429,Mandi,Whittenbury,unionpay
434,416,6709157281113604,58103,210,Tulley,Teresse,unionpay
435,95,3537027244685839,26850,225,Jacynth,Legg,discover
436,318,374288693919887,34589,232,Ambrosi,Sutter,mastercard
437,346,4598100624495139,46965,127,Rosemary,Recher,unionpay
438,672,3565399507615836,5714,229,Tabb,Schurcke,discover
439,101,3554047670237804,21957,887,Lorry,Valler,discover
440,339,36814754390203,36923,359,Sutherlan,Ditchett,mastercard
441,470,5602257699700651,39516,515,Anett,Roulston,amex
442,136,3582691180060267,29755,134,Jerome,Dessent,discover
443,821,201942727886228,29063,666,Iver,Gimbrett,unionpay
444,989,5048375579976928,79424,422,Loria,Yesenin,discover
445,310,3535065592798194,33078,137,Tilly,Cobbled,mastercard
446,576,5602251688832484,25254,256,Garvey,Kubec,visa
447,628,4844826764342473,3856,388,Imogene,Sammut,discover
448,379,3588376208289494,85758,459,Elaina,Petran,unionpay
449,589,50387680171645333,6827,226,Cherin,Agron,unionpay
450,410,3562624051713874,44951,45,Drusy,Caltun,amex
451,735,0604905447378644957,59354,493,Miguela,Colliford,visa
452,726,3548216235123119,92898,941,Wilbert,Gulleford,amex
453,909,3544249336159272,8067,588,Farrel,Whinney,unionpay
454,660,5365731938049531,6125,47,Cherey,Lyness,unionpay
455,847,3549313874657272,11082,956,Gilles,Paoloni,mastercard
456,742,5048371765987498,85747,841,Dagmar,Eveque,unionpay
457,626,3589282000298007,44856,20,Esta,Banyard,discover
458,191,3560797977812426,20854,524,Jacky,Fantone,mastercard
459,641,56022182631000140,86512,702,Flem,McSpirron,unionpay
460,57,5602241079310547,21121,15,Mischa,Morhall,discover
461,928,5521469552903995,84021,383,Tristam,Ungaretti,unionpay
462,212,3581033078023993,72496,140,Ulrick,Peris,visa
463,763,3547201821125372,61324,963,Brett,Stoakley,amex
464,434,3587355634853330,56391,60,Cris,Hugonin,unionpay
465,276,3544609578098639,72274,746,Gustaf,Sutherby,amex
466,929,589306769774763133,39665,550,Gussi,Othick,unionpay
467,55,5100133133861192,36853,219,Reynard,Allix,discover
468,478,4936380038603335,50517,737,Joanna,Smitheman,unionpay
469,614,6333340938191306,70829,444,Mart,Gomersal,mastercard
470,767,676231282300212414,27392,479,Phyllis,Knappitt,discover
471,611,3531302719032585,87081,816,Cordy,Senten,amex
472,434,5893141731299062,32539,327,Claudina,Clear,unionpay
473,386,3535881310097010,43517,618,Torin,Stading,mastercard
474,399,56022231780934011,58615,915,Thain,Ragless,amex
475,190,06041864578990035,4679,174,Jacynth,McLauchlin,mastercard
476,693,3533746024316539,98269,128,Johnath,Whisson,mastercard
477,353,3543792754348258,12481,92,Marysa,Wenban,unionpay
478,599,3541627185616034,79016,662,Mabel,Tremblet,amex
479,869,3537467333780028,91335,709,Randy,Pane,unionpay
480,151,5602235016022686,36104,81,Antonella,Dinis,discover
481,370,3585360375602765,23845,14,Dion,Lourens,unionpay
482,643,4405424007079812,20712,52,Xena,McFadyen,discover
483,460,560222103317820725,64150,517,Korney,Roland,amex
484,747,374283512515941,32027,20,Maddy,Buffin,mastercard
485,688,30492110634204,82475,462,Donny,Durnall,unionpay
486,75,3576784134654307,32431,182,Berna,Cordel,mastercard
487,176,3570997002585017,35896,66,Steffi,Mangon,discover
488,244,3561163165000754,84911,307,Oralia,Pendleberry,visa
489,296,201455002938184,64833,272,Fulvia,Putterill,amex
490,102,3564644288705780,76215,835,Berget,Cappell,discover
491,372,3546337599117547,95360,186,Conan,Wagnerin,visa
492,196,5602215112619916,45476,99,Bendix,Attenburrow,mastercard
493,624,5002353036439313,60730,512,Nicholle,Tillot,unionpay
494,996,3576852809631932,50445,83,Jenilee,Aleksahkin,unionpay
495,515,6767474013126401,96887,440,Menard,Pavluk,discover
496,348,341647851718953,99885,642,Robbert,Beckwith,amex
497,143,3535777896740991,12656,379,Derry,Chilcott,visa
498,688,3530536473345805,1109,159,Pasquale,Gipp,discover
499,711,5007666947859419,19484,119,Liza,Cranmer,unionpay
500,169,3551492236733040,22692,214,Gayelord,Kaplan,visa
501,229,201862795772300,10872,969,Felice,Westraw,discover
502,295,6395402045135322,65006,893,Trudey,MacLese,amex
503,584,201871600492939,57085,695,Aldwin,Caldero,mastercard
504,849,676793518446503921,94902,240,Lucky,Siene,unionpay
505,163,5100175133089340,50476,297,Bartolomeo,Capini,amex
506,227,4793295672865,33583,514,Caryn,Kenninghan,discover
507,62,5100171797117642,26985,661,Gilberta,McNysche,mastercard
508,925,3564682170344524,44365,550,Essy,Westnage,visa
509,904,3559042309767235,73176,745,Launce,Goodings,mastercard
510,903,3541129739859483,97012,798,Wit,Braxton,discover
511,247,5048370529643579,51426,224,Cletus,Matthai,discover
512,519,4175004130551883,49980,936,Bernetta,Oke,discover
513,127,4844700586371350,11215,355,Cherlyn,Ashard,mastercard
514,527,560224077600056841,50909,793,Fallon,Likely,mastercard
515,924,3546400106500389,76962,747,Sibilla,Paybody,visa
516,199,6334292042598957377,91370,206,Noby,Wedlock,discover
517,278,4405497213386387,8996,630,Consolata,Eagers,discover
518,799,30297558433476,17706,376,Mellie,Dando,mastercard
519,188,6397747904395930,45431,622,Lezlie,Garrud,visa
520,555,3536240151741955,5230,331,Sheilakathryn,Groucutt,unionpay
521,259,5487544406367175,16274,926,Wallie,Dower,discover
522,65,3551651911453279,13905,727,Garwood,Doyle,mastercard
523,631,5010121179245312,27878,772,Darci,Spicer,discover
524,759,5100143160923708,21688,956,Morgen,Rosberg,mastercard
525,680,4905403263384220565,19533,657,Krista,Bleyman,unionpay
526,798,3555603189461902,89196,228,Emmery,Leaver,discover
527,414,5108751739155057,51627,44,Zaccaria,Sainthill,unionpay
528,350,3535529301556706,88257,355,Marjie,Bugs,mastercard
529,468,3528520758053346,55816,28,Herold,Ritchley,unionpay
530,498,3550173627286324,47873,271,Giraud,Trays,unionpay
531,865,3581476677015003,43418,436,Law,Titley,discover
532,117,5570828184406745,32421,974,Gertrud,Latan,unionpay
533,720,3533492354099235,2586,190,Renee,Foulks,unionpay
534,540,3570340297717732,62008,704,Adan,Staig,mastercard
535,51,3550928559858956,98449,46,Maddalena,Oland,unionpay
536,213,3537805873784001,49818,808,Joyous,Forker,discover
537,544,5002350091610523,98824,741,Seana,Gun,unionpay
538,462,5538363957063300,39734,587,Renell,Livings,discover
539,866,3584949630402952,26427,340,Rice,Guirau,discover
540,422,6391579858418137,98470,203,Kelci,Shaxby,mastercard
541,940,5602240286349973142,80151,160,Amitie,Domsalla,visa
542,986,3555145707048456,71644,193,Ketti,Adamovitz,mastercard
543,998,4041594569108025,83621,342,Arnaldo,Brimman,mastercard
544,53,3568000071073827,45690,293,Helen-elizabeth,Liccardo,unionpay
545,510,4913440186048720,67966,228,Aviva,Care,mastercard
546,450,201630295815113,98362,916,Rodolphe,Yantsurev,unionpay
547,376,3589645328092338,721,456,Cesare,Wederell,discover
548,924,201732221033173,39344,912,Obidiah,Stonehouse,amex
549,223,337941593119570,99000,950,Lin,Elcoat,visa
550,951,36760155267930,40554,680,Maxie,Haswell,discover
551,72,3570889127170934,81334,858,Wheeler,McManamen,amex
552,858,3536857785046780,57828,321,Francene,Thuillier,visa
553,224,56022539078810531,7561,57,Peder,Meaden,amex
554,604,6388372367025782,39961,54,Carena,McGuirk,discover
555,920,3545060676554215,7342,34,Robinet,Zorzin,visa
556,776,201618801864501,18373,911,Alanna,Harrill,discover
557,107,372301578384424,80452,821,Celka,Tremayle,mastercard
558,302,30197897874333,43611,354,Rabi,Kellen,mastercard
559,325,375560875598328,62889,755,Gavan,Cavalier,amex
560,54,3556938880810448,3187,105,Lucais,Harragin,amex
561,904,3530659574330805,76605,852,Bondie,Sturmey,unionpay
562,585,3571978301676623,64294,587,Chandra,Colley,mastercard
563,405,3589852344669566,15338,366,Ransom,Senyard,visa
564,698,5602246645581828,18134,50,Willie,Coole,unionpay
565,269,3562704397548208,22562,734,Waylin,Yokley,discover
566,442,3547496131095212,53886,34,Sunny,O'Lenechan,amex
567,69,5521485930100666,67444,473,Kevina,Reffe,discover
568,531,4844794528235559,83102,817,Hermie,Denniss,discover
569,752,50386143728156776,84620,569,Reinold,Brikner,mastercard
570,749,36986827319896,59400,466,Dyann,Gaspard,unionpay
571,711,6334830032914875,80135,33,Padriac,Phizackerly,amex
572,785,201464328299438,88322,657,Tawsha,Spinley,discover
573,961,3532831313084872,47411,822,Olga,Duly,visa
574,436,3577742299096697,42522,80,Ingra,Onyon,amex
575,94,4405700201806161,22210,982,Sallee,Mousdall,discover
576,235,5010121024781990,68690,865,Sib,Narducci,amex
577,536,4041372116002987,84946,100,Oberon,Waylett,visa
578,176,6381459355206388,123,457,Helga,Pryor,mastercard
579,940,3562755903421728,53771,327,Frederique,Gavaghan,unionpay
580,600,3540730093027657,42877,928,Gabbie,Stove,mastercard
581,637,5108754893898942,78965,738,Erl,Hirche,amex
582,569,4175006321773291,8433,867,Fan,Ende,discover
583,375,3576815860301356,45148,998,Valery,Ilchenko,mastercard
584,522,5108755124220103,49007,611,Katerine,Bischoff,unionpay
585,105,5100170772954565,56250,974,Amy,Gannon,amex
586,205,6380562089822882,54232,568,Modesta,Scolts,amex
587,615,4405650751473468,3369,995,Tally,Hugenin,unionpay
588,935,4936268523147184120,41640,93,Ramsay,Brock,amex
589,942,3541387545707805,22100,598,Giana,Arnson,amex
590,828,36999760578444,19594,765,Noach,Casini,amex
591,854,201491071275240,12082,141,Filbert,Willisch,discover
592,138,5100175601143090,67195,220,Morey,Wilflinger,amex
593,243,3566710462855358,32244,917,Gearalt,Grevile,unionpay
594,193,3585958700316272,12186,514,Patience,Defew,mastercard
595,381,3538747353223416,99139,993,Trudie,Broune,mastercard
596,502,3551338272157372,53850,733,Dulcea,Brudenell,mastercard
597,237,560225048981062160,30696,408,Davidson,MacMeeking,discover
598,857,3566842625723353,40559,185,Skylar,Grayland,discover
599,824,3586735829315958,19362,598,Jolynn,MacAdam,mastercard
600,224,4508540543856045,60317,235,Rubie,Polini,mastercard
601,789,3566511082437571,8506,308,Agosto,Trevaskus,unionpay
602,405,3562310195689390,14461,948,Trenna,Gabler,amex
603,532,3588994443630494,48893,116,Arnoldo,Arnholdt,discover
604,53,3580863390369661,52721,880,Hayward,Huttley,visa
605,666,3529725477533226,61861,773,Alva,Ceschini,unionpay
606,176,201988003742221,44185,149,Bessy,O'Leagham,unionpay
607,507,3585984438082473,11283,561,Mitzi,Shepard,visa
608,989,670926703478426125,8393,574,Catlin,Chung,discover
609,82,5536037028937203,85271,729,Luigi,Antonat,amex
610,375,3547736088680247,62999,617,Leoine,Leber,visa
611,934,5408555933232019,658,780,Cecilio,Glashby,mastercard
612,939,4857400671233532,20192,23,Morley,Stebbings,mastercard
613,829,3581102741540715,91002,209,Codi,Edelheid,amex
614,274,370388211540753,90998,692,Issie,Chicco,amex
615,318,5602259716743174358,5881,830,Job,Yoell,discover
616,644,5602227822495446,17260,454,Kirbee,Cunney,discover
617,389,5602216904456210,54759,54,Tull,Gaitskell,unionpay
618,723,5641820704109019761,52695,611,Marcy,Nussey,visa
619,529,3545338359563830,44489,716,Afton,Folca,discover
620,541,4041595767639950,81047,217,Emanuel,Habershon,unionpay
621,3,3546816238170850,82254,626,Van,Morten,mastercard
622,796,30082021406675,86270,545,Isa,Panton,mastercard
623,733,4903600665951983985,89917,906,Annamaria,Greves,mastercard
624,463,6333165570913304020,73537,230,Perle,Noyes,visa
625,85,6304695840932252,51866,778,Kennie,Millichap,mastercard
626,411,3558313398180783,6466,304,Cherlyn,Breinlein,discover
627,702,5007667751879808,50327,165,Jori,Itzkovsky,unionpay
628,937,4405774826699053,8805,943,Damien,Goulbourne,visa
629,669,3568838516843696,65427,987,Dorine,Ellison,mastercard
630,70,4936987224106022704,49584,391,Corbet,Franzewitch,amex
631,932,3548923622043004,87883,162,Zarah,Inkster,visa
632,843,5529631093745134,83799,39,Cliff,O'Griffin,mastercard
633,4,3538703133832463,98714,989,Deana,Knapp,visa
634,360,5641823986382090,87423,352,Ruy,Farnfield,discover
635,142,5100147336035461,33532,680,Luther,Slatter,discover
636,433,3560299040344768,42763,408,Myra,Regina,visa
637,105,3586201605567106,56862,141,Harley,Leneham,unionpay
638,877,3562762684609646,78701,659,Lynnelle,D'Aulby,visa
639,966,6333977839185834040,43756,467,Salaidh,Crudgington,discover
640,196,560224001431138073,66447,723,Jodi,Swindell,visa
641,994,3576551191346006,32943,905,Bee,McIvor,discover
642,10,3548242148388151,30605,412,Carney,Dutton,mastercard
643,619,201696931111878,77296,323,Netti,McJury,mastercard
644,960,5100172198968534,32051,844,Huntlee,Wedgwood,amex
645,448,3571658756241988,94566,534,Stanislaw,Paolini,mastercard
646,298,3571905196336674,86813,385,Jaquelyn,Matteoli,discover
647,234,3546436261034970,25731,331,Willy,Pretsell,unionpay
648,813,3583293409965167,35465,820,Buddie,Margery,discover
649,145,30386314066124,79821,939,Bertina,Dodman,visa
650,973,201781228891331,44284,112,Cart,Hempel,amex
651,348,372301432510404,28107,154,Mame,Strowan,mastercard
652,236,30509603085527,94902,319,Avis,Bastick,amex
653,18,3536881683600423,16746,841,Ilise,Alvey,mastercard
654,595,5602214194405450,85498,796,Silvanus,Blundon,amex
655,511,3588688697204747,47922,401,Minor,Bleything,visa
656,494,5610871913868159,66749,239,Maye,Ashall,discover
657,210,4405580564030363,51323,36,Lek,Giberd,amex
658,932,4903483756349310,13989,241,Alonso,Ribeiro,discover
659,716,4905797886368157,71317,534,Nevil,Churly,visa
660,276,5610023744387633,3413,535,Alecia,Groarty,mastercard
661,841,3584195875694461,11313,794,Caprice,Meynell,amex
662,957,6383201902923604,65574,411,Karia,Crinion,visa
663,889,3536356225018830,22232,459,Harrison,Bartoletti,discover
664,528,4041593658805665,87206,695,Nissie,Keelan,discover
665,200,5602218363089714,53676,47,Mia,Cutcliffe,mastercard
666,212,3574565319181444,74960,778,Waylin,Shama,mastercard
667,905,5356293677648461,70202,178,Brion,Eyckelbeck,unionpay
668,542,3562873855011304,19991,396,Barri,Foddy,mastercard
669,573,5602231478154786,62295,527,Tobias,Ellings,amex
670,971,3583890889647635,43241,81,Garvy,MacGinley,mastercard
671,965,491134631907299525,27321,716,Garrard,Rolley,mastercard
672,923,502069051754960090,96271,758,Gigi,Lambshine,visa
673,763,5602214122061557,7974,103,Codie,Read,visa
674,64,3540802060050549,61215,947,Felice,Yellep,visa
675,916,6397627284629829,25995,317,Arley,Probate,amex
676,877,3562402123959159,68044,954,Gabriella,Hanhart,mastercard
677,231,201838389979022,40278,592,Shawn,Callum,mastercard
678,942,372301834693857,15892,450,Klarrisa,Drewes,mastercard
679,800,6763279814414564430,65862,476,Saloma,Tieman,visa
680,275,3584076010897146,57220,755,Emmi,Jedrzaszkiewicz,amex
681,334,3572329767750867,49004,698,Marlane,Krier,visa
682,700,3554299035169830,94099,787,Torrin,Palmby,amex
683,51,5441814396239162,67166,413,Rasia,Senogles,mastercard
684,403,4041372470997,20022,302,Florenza,Fudger,discover
685,207,374288270746125,3229,275,Harri,Curzey,mastercard
686,152,3528709124534028,92762,704,Tommie,Wardroper,unionpay
687,691,30286875842345,91619,70,Eldin,Seaward,mastercard
688,897,4041371121049694,20586,30,Eberto,Pacht,visa
689,698,3574979407437586,77155,728,Markos,Figge,visa
690,374,4026451554588217,38357,333,Symon,Whitchurch,visa
691,43,6334661689050568,78747,820,Theodosia,Shiel,discover
692,106,4041378333413,88466,694,Joelynn,Neely,unionpay
693,280,67717957018343214,27530,819,Shaw,Limer,amex
694,285,3571051382882351,63852,878,Fabian,Tow,discover
695,213,6767473823553168,44265,995,Lorraine,MacKerley,visa
696,348,4913719471694789,21176,301,Becky,Souter,unionpay
697,311,67095894111020393,57881,714,Bartel,Causton,mastercard
698,912,5893319299997240,10591,427,Mary,Karpman,visa
699,855,3568171827313146,98816,299,Mozes,Crossfield,mastercard
700,853,3530556734185618,40226,286,Eldon,Rosewarne,unionpay
701,222,5602248184672568625,96960,287,Keri,Jammet,visa
702,149,3543548969053319,66626,994,Juana,Fatkin,amex
703,326,3532997489168771,5992,171,Cordy,Kewley,visa
704,270,4936859860072529,14328,31,Annabell,Limbert,mastercard
705,384,3585380147098134,27725,715,Jules,Meaney,unionpay
706,159,5602245526743689,15277,170,Weidar,Goodey,discover
707,551,3551089951619162,92577,210,Dionne,Maben,mastercard
708,865,5602251110208139,4377,191,Obediah,Sarfass,unionpay
709,445,372301530910845,49242,598,Robinson,McWaters,unionpay
710,927,3546394122720479,34347,902,Xena,Owbridge,amex
711,689,3548042357530653,82987,665,Gretta,Sleight,amex
712,685,201509948204273,82357,869,Cass,Trippick,unionpay
713,943,372301547505117,89784,530,Vitoria,Tomsa,amex
714,311,3572136263482568,41750,263,Jefferey,Emma,amex
715,445,4917360121828398,43703,761,Nerti,Frisdick,discover
716,140,4903770336525535750,54401,39,Byran,Gunney,mastercard
717,935,3554160182660460,13678,436,Cristie,Morrid,visa
718,351,56103470536016184,21455,533,Lenette,Ughi,visa
719,456,3549132894389868,97281,433,Tammie,Gayle,discover
720,274,6331100764161876779,69453,112,Kelsy,Rivlin,visa
721,756,633110289850279807,62539,962,Hanson,Moretto,unionpay
722,97,6767712233020666594,6815,486,Artur,Cordes,visa
723,348,5513428974044325,33496,794,Constantina,Yanne,discover
724,982,3528866997098570,11685,826,Ginelle,Paskell,discover
725,557,4903830018693569997,55690,132,Opalina,Maciak,discover
726,27,4735246681483544,16497,674,Diana,Klaff,unionpay
727,383,3535439551826967,55162,667,Peder,Duncanson,mastercard
728,503,201908467126489,44632,580,Booth,Renney,discover
729,868,4936140441022093858,28813,286,Arie,Sholem,amex
730,722,5602256312430175,22991,720,Lori,Pilipyak,visa
731,60,6382631903744370,79422,392,Elvera,Lumbers,unionpay
732,876,3578235878865029,67508,280,Alexio,Harrie,unionpay
733,781,3551004495968769,7571,714,Celestyna,Mompesson,visa
734,364,3585196268678110,89844,15,Domingo,Sach,mastercard
735,742,5602224418201056,42234,301,Terza,Egglestone,amex
736,77,3542440952004023,88784,941,Jacinthe,Muris,visa
737,471,56022508282941622,58450,939,Arther,Frogley,discover
738,163,564182935250340199,36048,224,Jordan,Kirwood,discover
739,488,4026817571001196,91934,716,Ripley,Smickle,amex
740,328,30500421134324,33165,627,Nicolai,Allridge,visa
741,440,201958776227262,72944,793,Abbye,Eby,visa
742,856,3557801934296148,6933,79,Giordano,Giacaponi,visa
743,803,3556018350594804,66854,287,Aloysius,Soutar,mastercard
744,714,3584339547200881,35885,38,Boris,Asman,mastercard
745,571,3575378980576465,54939,168,Germain,Kuhnke,discover
746,436,5602219657121700,169,118,Son,McClelland,amex
747,546,5641829892778824057,71571,957,Marcellus,Maddra,mastercard
748,925,3542232457732327,74531,787,Daron,Goodbarr,visa
749,611,67635982076344036,78963,956,Geoffry,Shoebridge,mastercard
750,194,5010124572139355,58742,490,Rennie,Sewart,mastercard
751,808,6762957799501370,55739,611,Suzanne,Drewes,discover
752,128,5602221690177871,60196,571,Vernon,Lavallie,discover
753,62,3588908876855329,35585,609,Augustine,Ronaldson,amex
754,512,4405489256826767,86667,710,Granny,Bartlett,visa
755,542,3542591893506185,34294,404,Silvia,Djurdjevic,amex
756,248,3554696414156595,61041,77,Gasparo,Morales,unionpay
757,82,3552466161474209,49127,347,Fidel,Stollwerk,mastercard
758,92,201748402693049,46616,638,Nannie,Tille,discover
759,961,3559993730265746,65570,207,Levy,Flatte,unionpay
760,906,201952686832790,96581,209,Nicolis,Rizzo,discover
761,601,3578129307870413,86378,138,Kassandra,de Tocqueville,discover
762,602,3552387899759309,17123,238,Nana,Braitling,amex
763,18,3552796792213182,42086,122,Jessie,Dreye,amex
764,686,3582987330701978,14137,349,Kata,Stearn,mastercard
765,904,5108757871680315,96793,327,Andreas,Minards,discover
766,848,6304846191095088,79836,698,Virgie,Hansell,discover
767,293,560222598509290100,67539,846,Terese,Darell,mastercard
768,308,5594079701884392,27183,244,Jeromy,Lerwell,visa
769,557,5038346347865744034,96424,370,Lyman,Durnall,unionpay
770,755,5602259740199222,16727,435,Keir,Harbard,unionpay
771,261,30553227892942,84553,908,Allyce,Kenningley,visa
772,844,5426723878455072,57707,81,Hollie,Ambrosetti,visa
773,106,4017954884482,51590,791,Jodie,Braisted,amex
774,420,4508907580628548,90956,842,Mady,Stinton,visa
775,130,6762323117101264910,96500,970,Ekaterina,Gerty,mastercard
776,262,3536042534556393,92685,295,Freeman,Barus,amex
777,644,3557124597053577,33628,624,Gaylor,Kief,visa
778,666,675999015243180890,95264,704,Peyter,Meneghi,mastercard
779,74,375546412445362,90766,191,Agosto,MacGorman,amex
780,999,6706869876260656,7175,187,Gui,Croasdale,visa
781,426,3584238639786262,62427,845,Christie,Gepp,unionpay
782,910,30422455045385,97061,938,Jerry,Keune,visa
783,773,3529513470542349,51113,625,Shannah,Lowery,mastercard
784,798,3579280087539964,32549,320,Axe,Mitie,unionpay
785,118,3568702762644705,35112,192,Melisande,Mowlam,unionpay
786,796,3576791362744270,76166,312,Gothart,Muddle,unionpay
787,376,3572807329464358,86452,438,Izaak,de Savery,discover
788,618,3559493250209356,44697,252,Abby,Oddboy,discover
789,909,4936423505112692544,19371,442,Lucila,Bater,amex
790,69,3578377740809155,39644,63,Marchelle,Haddington,discover
791,150,5602252681944862,63473,297,Zebadiah,Caldaro,visa
792,5,3582460077736383,28476,255,Duky,Rafferty,visa
793,596,3554353221878637,84947,866,Wesley,Bedinn,unionpay
794,692,4903035789768260,30776,865,Delano,Kendle,visa
795,823,3540151723195394,49655,771,Sayre,Haney`,amex
796,155,3585705670934539,35718,226,Melamie,Everit,discover
797,246,3528379366909377,52544,492,Lancelot,Challace,mastercard
798,487,3539395962229421,57952,835,Sully,Kleinstern,amex
799,547,3583208020749188,24771,775,Abbye,Exell,amex
800,249,337941510850356,74012,932,Ruthanne,Baglow,amex
801,484,5524919522192704,22874,488,Ruperto,Kilshall,amex
802,298,3587402804725243,31943,289,Cal,Attlee,discover
803,311,5100170650852485,86445,615,Winne,McIndoe,unionpay
804,759,5007661692943484,31303,7,Shandy,Karpman,discover
805,475,3572819817948438,73629,16,Coleen,Ellesmere,discover
806,126,67616399479696289,69687,643,Shaina,Drinnan,unionpay
807,282,4026239634419655,28125,289,Zak,Blown,mastercard
808,422,3578621750219866,52319,952,Jaynell,Bachnic,discover
809,946,06044939782169134,23976,787,Yulma,Linsley,discover
810,761,3582517329922614,39032,523,Berti,Skoyles,amex
811,739,3577050633065307,55907,71,Janina,Tillot,mastercard
812,213,3571318829081636,93520,819,Orson,Zack,mastercard
813,357,201754640746755,83207,86,Johnny,Lohering,discover
814,902,3529696865374582,43046,536,Didi,Guard,amex
815,316,3536189471554095,14119,492,Shawnee,Mathan,amex
816,431,3534756560554277,15129,250,Dag,Hause,discover
817,169,5602230665023374,29196,864,Olly,Duke,amex
818,196,5539045630724981,36564,726,Elmore,McArthur,mastercard
819,126,3546146066867298,61454,596,Evangelia,McRoberts,visa
820,450,201526470067977,13069,17,Kathie,Pfiffer,visa
821,433,3554143253641049,55659,484,Elonore,Moneypenny,unionpay
822,562,3555131628682151,85773,998,Carmelita,Goakes,visa
823,596,5481771268605022,46754,352,Halette,Keitch,mastercard
824,32,3537273798205943,61171,421,Isobel,Woodcroft,mastercard
825,623,6378399324537361,67242,110,Jade,Bampforth,amex
826,212,3576434227372538,20968,675,Karly,Hasty,discover
827,674,3557373195617800,99959,438,Tybalt,Altham,unionpay
828,141,5335269250331994,41155,709,Goran,Enbury,mastercard
829,380,3551645137873716,2616,740,Annaliese,Grumley,visa
830,122,5018552800852997,17931,47,Nicholle,Winpenny,discover
831,824,589362152174081938,55222,665,Shirlene,Linnemann,visa
832,980,5002356431898033,64694,450,Stepha,Hexham,mastercard
833,863,560221006196391836,30467,838,Minda,Gulston,discover
834,28,0604259074665622413,38947,631,Hugh,Paxton,unionpay
835,183,3546417704980342,70649,824,Lief,Coopland,discover
836,49,5312094839867608,4869,694,Octavius,Folkerts,visa
837,881,3579733692737035,68631,775,Gilemette,Margery,amex
838,531,201610959696181,9201,171,Devlen,Klimentov,amex
839,322,3552936629321929,37728,114,Fielding,Goodhew,visa
840,157,5560837178306318,83232,825,Gilbertina,MacCall,visa
841,377,3576631418297586,28789,161,Tymon,Selwin,unionpay
842,639,5350771202847274,81051,774,Corine,Atger,amex
843,373,3580774085400200,40481,308,Tymothy,Fechnie,unionpay
844,220,5602222090535577754,74825,850,Amber,Pawson,unionpay
845,218,3572622067070337,87304,908,Cody,Cohr,visa
846,514,5641828928333713,17862,446,Niles,Bizzey,discover
847,848,3565359047678017,34388,272,Camel,Orrell,amex
848,388,5018714872128584626,68689,153,Sonia,Varcoe,amex
849,241,3581162597414886,73178,588,Payton,Pledge,visa
850,337,3575877581273463,95401,435,Bernice,Barks,amex
851,52,3533548737932374,63005,917,Brandais,Gallahar,visa
852,885,5018892467530662,58265,640,Hettie,Howsan,unionpay
853,259,3588148335143245,57174,423,Rozelle,Aldcorne,amex
854,114,3577777267877744,13202,177,Alidia,Hairs,visa
855,671,589318015056786251,14229,913,Lovell,Raddish,visa
856,181,3531773559542406,6766,898,Malvina,Harris,visa
857,880,5048371729825537,51260,832,Gabey,MacGiffin,visa
858,302,3581738707218240,75870,535,Amalee,Alton,visa
859,735,6761009209238465,16357,236,Scarlett,Goodsell,discover
860,526,36124506134366,53113,464,Amata,Andreucci,visa
861,18,201425406517991,11016,840,Jess,Seys,amex
862,202,374283141327544,97168,631,Odelle,Killock,discover
863,151,3581795736828100,50258,877,Brenn,Dunderdale,discover
864,925,5610302397017048,32188,975,Tate,Breinlein,unionpay
865,32,201769673003544,50801,394,Berkly,Ellicott,mastercard
866,855,5519698014504876,83758,431,Catrina,Fonteyne,unionpay
867,654,3548396960612070,84176,993,Anastasia,Lunge,amex
868,495,3550623788881909,43541,469,Dory,Mixon,discover
869,304,3535368916779753,27477,585,Darcy,Rishman,visa
870,803,5602240606716531,40016,78,Renado,Setterington,unionpay
871,571,4936930932245086,97635,127,Mathe,Walburn,unionpay
872,872,3562176825605084,79063,567,Obie,McDermot,visa
873,490,6762740608933426,86329,447,Martyn,Bullent,discover
874,692,3565076312213094,10233,841,Verile,McGahern,discover
875,573,36470261929833,36098,687,Ramsey,Aleswell,unionpay
876,266,3537151046080955,3817,67,Ki,Stronach,unionpay
877,468,4844414759244945,70308,710,Isidoro,Creffield,amex
878,726,633391537744384245,92540,549,Matteo,Mellonby,unionpay
879,775,5048374760342255,57603,52,Allyn,Staunton,amex
880,807,3567949642108747,92457,283,Kristy,Eastby,mastercard
881,838,379802343028017,98759,36,Phyllys,Bayly,mastercard
882,634,347631758752558,86960,346,Kristina,Pinkett,mastercard
883,20,5100139368274019,94554,355,Gayel,Chasmar,mastercard
884,856,3587928206254630,6800,496,Delaney,Hurnell,visa
885,317,3576716855954060,34683,176,Catha,Tapscott,mastercard
886,997,201711886761310,98873,146,Violette,Akers,visa
887,187,5100179252455407,73803,631,Nona,McComiskie,discover
888,219,490544614068711559,30066,60,Xaviera,Byfield,amex
889,500,5602242637436667,76126,626,Jephthah,MacMillan,discover
890,133,3547508587478443,80141,638,Bert,Birtwhistle,amex
891,214,5602217070769733,24821,99,Flss,Trevett,amex
892,686,3576217832649824,3881,673,Ira,Stearn,mastercard
893,13,3545765345566610,73789,771,Franciskus,Pinkstone,unionpay
894,893,3569538210155418,2781,893,Lindi,Lockyear,amex
895,735,501830210506251063,94175,930,Jennilee,Le Maitre,unionpay
896,45,5100131935005208,75327,740,Sophie,Dixcee,amex
897,511,30072340615767,75419,931,Liv,Dutnell,mastercard
898,993,3563454547055881,83666,301,Shurlocke,Desport,visa
899,513,50388150511256141,62709,622,Maurine,Race,amex
900,29,3570628637667520,12441,569,Dalli,Robertis,amex
901,670,3541459827154368,29388,742,Gerick,Devanny,discover
902,824,3565976319222511,58812,512,Gabriell,Burnhill,discover
903,1000,30525224826321,68535,683,Lilla,Danilevich,mastercard
904,366,6304231448494608070,85145,713,Marilyn,Kock,amex
905,972,3547719351251441,21043,338,Dallon,Plumstead,discover
906,728,4905614961447600,10316,422,Deedee,Gildersleaves,visa
907,616,490530302258768953,44416,142,Kirsten,Vise,discover
908,4,5602248448194858,87777,738,Penni,Twiname,discover
909,156,6377977182485699,43725,78,Ibbie,Klaesson,unionpay
910,241,3548978356203083,1245,361,Cynthy,Girodier,discover
911,294,3533675378266059,90705,652,Elfrida,Askin,discover
912,983,5602229335985996,96315,238,Ewell,Keave,mastercard
913,121,3546927401900054,22441,923,Ambros,Spinelli,visa
914,459,6762805579820322,18978,947,Melisenda,Cawcutt,unionpay
915,130,5020480098472151,77426,867,Daron,Floweth,mastercard
916,57,3582120839727993,74459,66,Colver,Fellman,mastercard
917,189,4779070057109,24573,898,Dietrich,Karpmann,visa
918,425,5108750661476333,89171,955,Barris,Ladewig,discover
919,50,3542689376204623,5249,617,Templeton,Kinvan,discover
920,129,3566488441940738,81607,96,Aguste,Redan,mastercard
921,617,3540681062509573,54555,567,Keir,Standbrook,amex
922,705,5893205779978786,63118,816,Alvis,Bassford,unionpay
923,476,30453537833217,66312,126,Erin,Sprowle,discover
924,391,3551829083873587,19504,180,Zahara,Newcomen,amex
925,370,3574452958706130,64281,979,Binnie,Bartozzi,mastercard
926,694,4917589208636163,34492,638,Allx,Fruen,mastercard
927,134,5610810896766337,42765,357,Micah,De Cleen,discover
928,324,5480750423182987,16511,634,Rozina,Rolfo,unionpay
929,401,3576295853660268,20936,505,Lavinie,Decent,amex
930,508,5100144731992123,84536,486,Stephi,O'Shiels,unionpay
931,286,4903587070208065081,95446,868,Calida,Saltsberger,mastercard
932,705,3538518377561721,88307,157,Jobyna,Bayston,visa
933,745,3587611534877039,64939,511,Roderick,Berrick,discover
934,838,3539724410096381,93187,272,Sam,Guilloton,visa
935,430,337941887598901,52168,491,Daven,Trunby,discover
936,192,6304544006598806,58077,828,Kimmi,Didball,discover
937,873,4041591089335625,20200,168,Enrico,Piwall,discover
938,507,3587406731364687,83067,915,Munroe,aManger,discover
939,449,374622175433118,95076,471,Emera,Baldwin,visa
940,100,3577487389505211,7847,161,Teador,Handling,amex
941,520,3548853248774734,50093,74,Reynold,Meiner,unionpay
942,217,5100148432109051,70550,173,Alexei,Emmanueli,visa
943,212,6709311613369949981,54683,116,Orville,Pinfold,amex
944,645,490514437434875635,32741,105,Grace,Hingeley,visa
945,735,3528422319432970,43543,546,Logan,Babinski,mastercard
946,171,3540896315567059,32846,502,Mart,Ogborne,visa
947,183,3556888061392460,34372,581,Daveta,Penvarden,amex
948,288,5010122515434891,3618,214,Karlotte,Coltan,discover
949,985,3528737534972603,1858,287,Ciro,Gomes,discover
950,768,3557827398475837,27039,83,Tiebold,Binion,mastercard
951,733,3548033102239294,37362,887,Adolph,Grimoldby,mastercard
952,591,3549340043369463,97651,591,Brand,Barnett,amex
953,360,491121109513773071,67494,971,Alvira,Malling,mastercard
954,811,3558746649989603,74495,170,Yuri,Philpault,visa
955,845,3531306857853983,79300,777,Starlene,Nerger,mastercard
956,843,630462053484299999,99427,447,Winna,Twydell,discover
957,391,3562884972177738,41159,434,Ame,Vasenin,visa
958,411,6706446638858162808,38445,180,Claudelle,Smythin,mastercard
959,82,6304395674805593469,68151,892,Beverie,Davydochkin,unionpay
960,203,3535058789090533,22850,605,Killy,Swindles,visa
961,979,676251108978407934,71662,60,Dorise,Seakes,amex
962,351,30501059799750,36778,624,Randall,Bossom,unionpay
963,474,63047341746947002,4913,269,Aeriela,Furmage,amex
964,737,4917097647315035,44627,557,Elaine,O'Shee,discover
965,20,5460933626655033,50483,205,Hilario,Tock,visa
966,285,372301247926175,33292,246,Boone,Dunbabin,discover
967,841,4017953442056431,12219,257,Sonni,Recher,visa
968,600,5007667547238954,7121,538,Layne,Iffland,amex
969,897,3557398125476894,26137,286,Agata,Jansema,unionpay
970,485,0604229508622813,19225,359,Eolande,Cowp,unionpay
971,589,6395176303506776,85294,326,Cornie,Anney,discover
972,740,4917594336050857,46990,231,Anna-diane,Scadding,unionpay
973,359,5602224667279597,92865,325,Kerwin,Bonhill,discover
974,568,675997727014365771,21316,350,Ambrosi,Van den Velden,visa
975,971,337941371307496,22103,229,Laurent,Stickles,discover
976,649,3588080713064158,53252,795,Sidney,Moralis,amex
977,377,6304990028745895774,85960,394,Vaughn,Twizell,amex
978,488,6333629744021903961,14179,377,Ingamar,Loxton,amex
979,630,3572035294817802,65207,25,Hildy,Kollaschek,unionpay
980,179,501847271552139223,61149,135,Deena,Flintuff,discover
981,624,3544359718118174,5490,293,Hobart,Cloonan,unionpay
982,507,3545557894095020,5781,104,Stacy,Barrowcliffe,visa
983,464,4913760513310240,49396,883,Raynor,Pinxton,amex
984,673,5602255314947814,76690,822,Andrew,Worsall,mastercard
985,707,50205797813675880,43073,270,Doralyn,Saura,amex
986,344,5602256509111398,67801,710,Angelika,Motto,visa
987,643,5485733155789125,57406,347,Shelby,Curman,discover
988,886,3567214144930936,78631,498,Arline,Fewell,visa
989,974,3546354703418554,11695,198,Kerwin,Blanshard,amex
990,274,561048558312508353,22930,129,Myrtice,Dederich,mastercard
991,786,3589861323118834,13760,145,Dewitt,Steventon,discover
992,770,4917428528275941,13405,886,Madella,Cadding,amex
993,748,5602239039964460,24360,339,Michelle,Lightwood,mastercard
994,417,3561741224073506,98870,254,Inga,D'eath,mastercard
995,37,3532961154273241,33026,840,Thurstan,Finnick,amex
996,440,3578191080705067,70381,378,Silvana,Kyles,discover
997,493,3547160000771317,14642,441,Hermy,Biskupek,discover
998,650,3532513025397681,11784,1000,Sydney,Eddy,discover
999,93,6706776481969421205,95586,310,Priscilla,Olenin,amex
1000,96,3536767084292615,45830,500,Ania,Broadberry,discover
